d_loss,g_loss
1.1323710680007935,2.8321752548217773
0.30331912636756897,4.195095062255859
0.15417589247226715,3.6875038146972656
0.09660414606332779,4.66299295425415
0.04931318014860153,5.188967704772949
0.05829141288995743,4.735944747924805
0.049074530601501465,4.839916229248047
0.050401054322719574,5.246233940124512
0.07162715494632721,4.929044723510742
0.08879251778125763,5.311098098754883
0.07231102883815765,4.951838493347168
0.07308775186538696,4.441150665283203
0.08082957565784454,6.473509311676025
0.0642431378364563,5.312620639801025
0.043452076613903046,5.3761982917785645
0.0503217875957489,6.345060348510742
0.07387281954288483,3.5665078163146973
0.2814381718635559,10.35940933227539
2.2013120651245117,0.796333372592926
1.9473559856414795,4.573749542236328
0.11850760877132416,6.049866676330566
0.32310882210731506,4.2621660232543945
0.3284453749656677,2.5641732215881348
0.436418354511261,4.843744277954102
0.35521453619003296,4.498444557189941
0.24252614378929138,2.9570207595825195
0.4452970623970032,4.541520118713379
0.440760999917984,2.153883934020996
0.5022546052932739,4.338168621063232
0.5900354981422424,0.9997594356536865
0.8353332877159119,5.532076835632324
1.032608151435852,1.548072338104248
0.5069049596786499,2.967134952545166
0.23182538151741028,4.01934814453125
0.36079150438308716,2.2286477088928223
0.32259413599967957,3.106081008911133
0.25920596718788147,2.7258129119873047
0.2707740068435669,2.6347496509552
0.3142840266227722,3.0695528984069824
0.31438779830932617,2.03511905670166
0.3746788501739502,3.393106460571289
0.4963536262512207,0.600208044052124
1.2670601606369019,7.584977626800537
3.6160566806793213,0.9715216159820557
0.698733925819397,1.8011362552642822
0.4371058940887451,3.3868837356567383
0.6452832221984863,1.1200635433197021
0.658726155757904,3.1762278079986572
0.5911586284637451,1.4049230813980103
0.49015113711357117,2.716508388519287
0.46442368626594543,2.232999086380005
0.437073290348053,1.8766295909881592
0.5489262342453003,1.981461524963379
0.517845630645752,1.8488463163375854
0.444990336894989,1.9509851932525635
0.5830028057098389,2.0605075359344482
0.5117431879043579,1.364809274673462
0.7503341436386108,4.797077178955078
2.0063891410827637,0.048341043293476105
3.638219118118286,3.39871883392334
1.1202560663223267,1.7487701177597046
0.6057207584381104,1.212376356124878
0.7530218362808228,2.529348611831665
0.735038697719574,0.9515959024429321
0.8220086097717285,2.4694266319274902
0.753433346748352,1.02100670337677
0.7341275811195374,2.4404184818267822
0.7610735893249512,0.9333250522613525
0.8387260437011719,2.8497486114501953
0.9421312808990479,0.6539375185966492
1.0662987232208252,3.302506446838379
1.2335692644119263,0.4700827896595001
1.3856157064437866,3.179678440093994
1.117917537689209,0.8222684264183044
0.8754703402519226,1.8684163093566895
0.745252788066864,1.2994879484176636
0.665153443813324,1.7542096376419067
0.6655434370040894,1.3984272480010986
0.637715220451355,1.7432310581207275
0.6755119562149048,1.4619299173355103
0.7015104293823242,1.0539710521697998
0.7139013409614563,2.128467082977295
0.7882825136184692,0.49512630701065063
1.1796756982803345,3.8884544372558594
1.9605076313018799,0.22781643271446228
1.9634745121002197,2.8508708477020264
1.3155823945999146,0.8108876943588257
0.9229512214660645,1.7234060764312744
0.76344895362854,1.233672857284546
0.7984131574630737,1.3628076314926147
0.7139695882797241,1.4614293575286865
0.7047343254089355,1.2242945432662964
0.7927451729774475,1.6548986434936523
0.6920755505561829,0.9735524654388428
0.8372308015823364,2.4383111000061035
1.0946515798568726,0.304201602935791
1.658596158027649,3.4104156494140625
1.722074270248413,0.4719073176383972
1.1903917789459229,1.8173906803131104
0.9224279522895813,1.0754762887954712
0.7991222143173218,1.3863462209701538
0.8592349290847778,1.1173830032348633
0.8490301370620728,1.587294578552246
0.8413180708885193,0.9655084609985352
0.85276198387146,2.1457583904266357
0.907575786113739,0.5126473903656006
1.1962575912475586,2.8927979469299316
1.469658374786377,0.3998985290527344
1.4323201179504395,2.435593605041504
1.3006434440612793,0.6624921560287476
1.0878589153289795,1.8143949508666992
0.8634066581726074,1.0632624626159668
0.8270989060401917,1.4452193975448608
0.8270594477653503,1.086104393005371
0.8121389746665955,1.5978877544403076
0.9135355949401855,0.9084696769714355
0.895340085029602,1.7695165872573853
0.9306986331939697,0.8120329976081848
0.9889624118804932,2.014338493347168
1.011179804801941,0.5119222402572632
1.1842782497406006,2.66487979888916
1.2726130485534668,0.5439255833625793
1.0989423990249634,1.8209772109985352
1.0067979097366333,1.022936463356018
0.8983924984931946,1.5239074230194092
0.8904143571853638,1.0098493099212646
0.876029372215271,1.3733229637145996
0.8357732892036438,1.4590122699737549
0.81626296043396,0.9085038900375366
0.8917210102081299,1.9535715579986572
0.9176300764083862,0.8156729340553284
0.9695386290550232,1.755144715309143
0.9908809065818787,0.6119223833084106
1.1209381818771362,2.2397751808166504
1.2485706806182861,0.3813723921775818
1.4078024625778198,2.8301162719726562
1.45602285861969,0.5611467361450195
1.2471060752868652,2.011871576309204
1.0136032104492188,0.9499154686927795
0.9657636880874634,1.3752059936523438
1.051647424697876,1.205836534500122
1.0396921634674072,1.1776597499847412
0.9454761743545532,1.2662650346755981
0.9209602475166321,1.0542962551116943
0.8089715242385864,1.4886445999145508
0.8073283433914185,1.1122057437896729
0.883554995059967,1.7281794548034668
0.9059898853302002,0.8867594003677368
0.9785500168800354,2.0383048057556152
1.1607619524002075,0.4125998318195343
1.4010469913482666,2.591526985168457
1.4168672561645508,0.5519861578941345
1.1301769018173218,1.808018684387207
0.9433472156524658,1.0744283199310303
0.8503215909004211,1.2279784679412842
0.8432257175445557,1.3526203632354736
0.8329800367355347,1.2301430702209473
0.8604681491851807,1.1709928512573242
0.9138669371604919,1.272453784942627
0.8851112723350525,1.2874841690063477
0.9300022721290588,1.072300672531128
0.9182919859886169,1.3267433643341064
0.8643438816070557,1.0691447257995605
0.9060354232788086,1.3260407447814941
0.8376063108444214,1.2294280529022217
0.8036308884620667,1.0516517162322998
0.9203366637229919,1.3937608003616333
0.923534095287323,0.6677553057670593
0.9901312589645386,2.439201831817627
1.4073295593261719,0.20618784427642822
1.8647505044937134,2.7685134410858154
1.6448744535446167,0.6364163160324097
1.0963596105575562,1.268844723701477
0.8367846012115479,1.5977952480316162
0.9439383745193481,0.7502118349075317
1.0292470455169678,1.6098860502243042
1.0403003692626953,0.8681980967521667
0.9592941403388977,1.381546974182129
0.9848645925521851,0.9172208905220032
0.8908112645149231,1.3937315940856934
0.8582876920700073,0.9731193780899048
0.8979553580284119,1.2981964349746704
0.857223629951477,1.036088228225708
0.9187991619110107,1.5983359813690186
0.906934380531311,0.8615751266479492
0.9416616559028625,1.455098271369934
0.9293020963668823,0.8602070212364197
0.984129786491394,1.654799461364746
1.0290253162384033,0.5503076314926147
1.1436035633087158,2.3578431606292725
1.2554343938827515,0.47383421659469604
1.2241041660308838,1.9081753492355347
1.0254063606262207,0.8682623505592346
0.9276958703994751,1.2518340349197388
0.8998383283615112,1.2753926515579224
0.9052281379699707,1.2413774728775024
0.8761569857597351,1.151984453201294
0.8635505437850952,1.1526720523834229
0.8531356453895569,1.3419671058654785
0.8188772201538086,1.0394634008407593
0.8839646577835083,1.447506070137024
0.8347494602203369,0.9820745587348938
0.852019727230072,1.4137824773788452
0.9196314215660095,0.9851827621459961
0.885034441947937,1.6993448734283447
0.9054725170135498,0.6124919652938843
1.079626441001892,2.4132964611053467
1.1991019248962402,0.42373552918434143
1.2669296264648438,2.2008848190307617
1.1421968936920166,0.7334233522415161
0.9874206781387329,1.547147274017334
0.8471061587333679,1.0198894739151
0.8629137277603149,1.2429535388946533
0.8525776267051697,1.2676496505737305
0.8125569820404053,1.1193881034851074
0.797290563583374,1.2634284496307373
0.8810935020446777,0.8974075317382812
0.8924872279167175,1.7084884643554688
0.8560290932655334,0.766938328742981
0.8225580453872681,1.6431760787963867
0.8199355602264404,0.900293231010437
0.8133960962295532,1.6342939138412476
0.9094409942626953,0.8135154247283936
0.9663732051849365,1.955946922302246
0.9753169417381287,0.5331918001174927
1.1557716131210327,2.4651544094085693
1.3598552942276,0.44325995445251465
1.2272529602050781,1.8813918828964233
1.028778076171875,0.8783441781997681
0.9385123252868652,1.4860742092132568
0.8002873659133911,1.1594187021255493
0.8073317408561707,1.0920366048812866
0.8664785623550415,1.4325469732284546
0.8237943053245544,1.0065151453018188
0.8438552021980286,1.6600921154022217
0.8650315999984741,0.947060763835907
0.8947863578796387,1.7778310775756836
0.8945581912994385,0.9597991704940796
0.8025009036064148,1.3952029943466187
0.7931610345840454,1.308777093887329
0.7706606984138489,0.9671645164489746
0.8353605270385742,1.9199234247207642
0.9159668684005737,0.9281176328659058
0.8230428099632263,1.7768102884292603
0.9328944683074951,0.6689686179161072
1.0718914270401,2.3038926124572754
1.1671196222305298,0.5615553259849548
1.150909662246704,2.075406789779663
0.9175647497177124,1.0320394039154053
0.7689511775970459,1.17221999168396
0.7792603969573975,1.461341142654419
0.8872305154800415,1.1658116579055786
0.8090080618858337,1.0295400619506836
0.7741519212722778,1.3968067169189453
0.7928223609924316,1.1264034509658813
0.7668578624725342,1.760206937789917
0.8703469038009644,0.6532586812973022
0.9751516580581665,2.355748176574707
1.0233436822891235,0.6407980918884277
0.9731652736663818,2.010173797607422
0.8972227573394775,0.9094899892807007
0.7962599992752075,1.6817653179168701
0.9332903623580933,0.9533119201660156
0.7947831153869629,1.653862714767456
0.8287614583969116,0.9920969605445862
0.7062593698501587,1.491736888885498
0.7199216485023499,1.4181278944015503
0.7425884008407593,1.2008901834487915
0.7218828797340393,1.539536476135254
0.8053009510040283,1.0974352359771729
0.7933520078659058,1.600144863128662
0.7797127962112427,1.082938313484192
0.763748049736023,1.6993175745010376
0.7995669841766357,1.0042598247528076
0.8208727836608887,1.9212756156921387
0.8422214984893799,0.7856013178825378
0.8670499920845032,2.230529308319092
0.9239027500152588,0.6416348218917847
1.0378586053848267,2.2349531650543213
0.9131600856781006,0.7626200318336487
0.8835815191268921,2.044395923614502
0.8894246816635132,0.8571209907531738
0.7672319412231445,1.5894441604614258
0.7320763468742371,1.2424001693725586
0.6935787200927734,1.1976674795150757
0.7052081823348999,1.6440643072128296
0.7373567819595337,1.1662319898605347
0.6610454320907593,1.5289669036865234
0.7554506063461304,1.041668176651001
0.7975718975067139,1.8746483325958252
0.8062447309494019,0.8439947366714478
0.8289084434509277,1.975214958190918
0.9033694267272949,0.6319059133529663
1.0140113830566406,2.4419374465942383
1.0240757465362549,0.7056252956390381
0.8777202367782593,1.7963566780090332
0.6917564868927002,1.3769350051879883
0.7228098511695862,1.3877973556518555
0.6777658462524414,1.4724040031433105
0.6785820126533508,1.4348779916763306
0.6580408811569214,1.4010952711105347
0.6964998245239258,1.3297513723373413
0.7067244052886963,1.9379161596298218
0.704964280128479,1.0430731773376465
0.6643977165222168,1.8692678213119507
0.787316083908081,0.9578140377998352
0.8393716812133789,2.1870102882385254
0.8929402232170105,0.7458145022392273
0.968482494354248,2.563570499420166
0.9902146458625793,0.7410306334495544
0.9482460021972656,1.9543125629425049
0.818949818611145,1.2436634302139282
0.7202214002609253,1.441422700881958
0.690178394317627,1.9404807090759277
0.7615910172462463,0.8563125133514404
0.7686477899551392,2.133774757385254
0.7896600961685181,1.0224521160125732
0.7325672507286072,1.7670589685440063
0.698856770992279,1.3239189386367798
0.6240510940551758,1.6677759885787964
0.6963996291160583,1.2283573150634766
0.6267145872116089,1.7395586967468262
0.6150417327880859,1.4839739799499512
0.6582823991775513,1.107860803604126
0.6735206842422485,2.1656265258789062
0.7252457141876221,0.9243103265762329
0.7605818510055542,2.199357509613037
0.856964111328125,0.5816730856895447
0.9860920906066895,2.653599739074707
0.9501989483833313,1.0224435329437256
0.6767677664756775,1.615253210067749
0.6430418491363525,1.6527118682861328
0.6417214274406433,1.280730962753296
0.670324981212616,1.6300652027130127
0.6356008052825928,1.2961475849151611
0.6454005241394043,2.092982053756714
0.7110249996185303,1.120875597000122
0.628563642501831,1.8826074600219727
0.6792587637901306,1.0348310470581055
0.6843087077140808,2.035665512084961
0.6748182773590088,1.3117542266845703
0.6528974175453186,1.9741120338439941
0.6555454134941101,1.1806185245513916
0.6184947490692139,1.66521155834198
0.586976945400238,1.6505569219589233
0.6100327968597412,1.3399083614349365
0.6317179203033447,1.7903869152069092
0.5844963788986206,1.5116386413574219
0.6338011026382446,2.135479688644409
0.6816116571426392,0.7658331394195557
0.8769835233688354,2.7580771446228027
0.911066472530365,0.780730128288269
0.970567524433136,2.859189987182617
0.852063775062561,0.9136404991149902
0.703186571598053,1.6822333335876465
0.5097440481185913,1.84818696975708
0.6295008659362793,1.2344496250152588
0.585877537727356,2.252171516418457
0.7566356062889099,1.0159894227981567
0.7172054052352905,2.1326866149902344
0.5818802118301392,1.4155769348144531
0.5090303421020508,1.3764984607696533
0.5492227673530579,1.95490562915802
0.5767789483070374,1.3175346851348877
0.6638537645339966,1.7295582294464111
0.58109450340271,1.7536596059799194
0.5691533088684082,1.1943144798278809
0.6043282747268677,2.017437219619751
0.6671625375747681,1.2927223443984985
0.597881555557251,2.1885604858398438
0.5486940145492554,1.5567611455917358
0.5962818264961243,1.578845500946045
0.5965099334716797,2.028520345687866
0.5509775280952454,1.022425651550293
0.6410374045372009,2.412569999694824
0.6842920184135437,0.9175457954406738
0.8516347408294678,3.0354790687561035
1.024106740951538,0.6259886026382446
1.079203486442566,2.6602907180786133
0.8743597269058228,1.1022990942001343
0.6840336322784424,1.7036346197128296
0.5568860769271851,1.6003003120422363
0.5904899835586548,1.415872573852539
0.5700119137763977,1.8098783493041992
0.6540865898132324,1.2533183097839355
0.66718590259552,1.8954830169677734
0.5998122692108154,1.5317422151565552
0.5780107975006104,1.4140734672546387
0.6024140119552612,1.6620128154754639
0.5424307584762573,1.7164528369903564
0.5398284196853638,1.1997861862182617
0.577875554561615,1.7501771450042725
0.5557603240013123,1.5902783870697021
0.5603684186935425,1.3858835697174072
0.5971319675445557,2.32485294342041
0.7691420316696167,0.6162764430046082
1.216191053390503,3.6475701332092285
1.2655854225158691,0.6474758386611938
0.9093563556671143,1.6984353065490723
0.6432744264602661,1.808194875717163
0.6587709188461304,1.225120186805725
0.747711718082428,2.015080451965332
0.7161604166030884,1.1552889347076416
0.6942963004112244,1.886695146560669
0.6140721440315247,1.296936273574829
0.6042694449424744,1.3110194206237793
0.6520497798919678,1.9898861646652222
0.8249841332435608,0.7603217363357544
0.9321531057357788,2.7279224395751953
1.0157694816589355,0.7153964638710022
0.7792634963989258,1.9163870811462402
0.6686989665031433,1.5170167684555054
0.5816866159439087,1.546264410018921
0.5996439456939697,1.8579213619232178
0.6210548281669617,1.2671668529510498
0.6434032917022705,1.6254583597183228
0.5637160539627075,1.5875751972198486
0.5909866690635681,1.7192972898483276
0.5545384883880615,1.302668571472168
0.6297752261161804,1.7935162782669067
0.6317559480667114,0.7865281701087952
0.8082040548324585,2.9089112281799316
0.976557731628418,0.5650390982627869
1.08133065700531,2.5197274684906006
0.8601756691932678,0.9852285981178284
0.7806092500686646,1.8080840110778809
0.6531925201416016,1.460341215133667
0.7685898542404175,1.7430623769760132
0.6213281154632568,1.4167423248291016
0.6426997184753418,1.8794188499450684
0.672921895980835,1.6316132545471191
0.6252232193946838,1.0914642810821533
0.6414215564727783,2.36529278755188
0.7957041263580322,0.7243528366088867
0.9571225047111511,2.269721031188965
0.7277985215187073,1.2737373113632202
0.6477261781692505,1.2692105770111084
0.7163822650909424,1.8095781803131104
0.7182090282440186,1.0407651662826538
0.704200029373169,2.1415605545043945
0.7483763694763184,0.8148685693740845
0.84727942943573,2.2873411178588867
0.9291447401046753,0.7106680870056152
0.9426414370536804,2.7627944946289062
1.0226719379425049,0.6704010963439941
0.974376916885376,2.226717472076416
0.8973193168640137,1.004593849182129
0.7459602355957031,1.885701298713684
0.8006777763366699,0.8569981455802917
0.8062793016433716,2.107013702392578
0.804519772529602,1.0101349353790283
0.7639015316963196,1.912585973739624
0.7101620435714722,1.256137728691101
0.6017462015151978,1.673475980758667
0.6852657794952393,1.2121113538742065
0.7074142694473267,1.851346731185913
0.8537734150886536,0.8553465604782104
0.7247200012207031,1.8432939052581787
0.735749363899231,1.046315312385559
0.7867666482925415,1.6468266248703003
0.7051547169685364,1.1823415756225586
0.798457145690918,1.6504731178283691
0.8566765189170837,0.5740958452224731
0.9828366041183472,3.091031551361084
1.5497995615005493,0.2759559750556946
1.6529383659362793,2.470216989517212
1.0443629026412964,1.1107181310653687
0.8854645490646362,1.144573450088501
0.7828149795532227,1.7555385828018188
0.8345506191253662,1.2286230325698853
0.8065520524978638,1.483651876449585
0.7645895481109619,1.6510586738586426
0.8002915382385254,1.0480451583862305
0.7909486889839172,1.8906689882278442
0.8398466110229492,0.9982821345329285
0.7914138436317444,1.8247270584106445
0.7954434752464294,1.128411054611206
0.7954303622245789,2.0774126052856445
0.8966024518013,0.7896959781646729
0.9920739531517029,2.249880313873291
0.8895444273948669,0.9705567955970764
0.8784149885177612,1.2095632553100586
0.7915030717849731,1.5421591997146606
0.7424179911613464,1.1299805641174316
0.7236596345901489,1.4809151887893677
0.81746506690979,1.1457489728927612
0.7131916284561157,1.7304491996765137
0.794893741607666,1.0024747848510742
0.8370879888534546,2.33541202545166
0.902523398399353,0.6588280200958252
1.121343970298767,2.6905746459960938
1.2208503484725952,0.6126871109008789
1.0938133001327515,2.173389434814453
0.9581267237663269,1.0750732421875
0.824000358581543,1.788912296295166
0.8523924946784973,0.9127694368362427
0.8607558012008667,1.5455384254455566
0.7645328640937805,1.1062355041503906
0.82289719581604,1.365727186203003
0.8038239479064941,1.5059361457824707
0.8281469941139221,0.7838147878646851
0.8474669456481934,2.3904075622558594
1.1128027439117432,0.4539582431316376
1.246747374534607,2.545476198196411
1.2484054565429688,0.7327951192855835
1.1092479228973389,2.0969150066375732
0.953976035118103,1.0418930053710938
0.7057459354400635,1.1244239807128906
0.7362632751464844,1.8119826316833496
0.8558425903320312,0.9112650156021118
0.8397365212440491,1.8040027618408203
0.8576682806015015,0.8265972137451172
0.8782914876937866,1.2456412315368652
0.8010327816009521,1.675584077835083
0.7637461423873901,0.9129142165184021
0.8625553846359253,1.9046039581298828
0.9438216686248779,0.5150233507156372
1.0457839965820312,1.905390977859497
0.9083503484725952,0.9820666909217834
0.8540259003639221,1.5768542289733887
0.778468906879425,1.1386570930480957
0.8325298428535461,1.717472791671753
0.9294099807739258,0.7370090484619141
0.9365003108978271,2.204756259918213
0.9734174013137817,0.6882684826850891
0.8829634189605713,1.7756414413452148
0.8540648818016052,1.2593392133712769
0.7790769338607788,1.498618721961975
0.7675755023956299,1.325808048248291
0.8337757587432861,1.0020983219146729
0.8160183429718018,1.9731521606445312
0.8735003471374512,0.723358154296875
1.013104796409607,1.7699480056762695
0.8222962617874146,1.3293031454086304
0.9009470343589783,0.9523159265518188
0.8030250072479248,1.9862964153289795
0.923945426940918,0.7449970245361328
0.9317493438720703,2.209984302520752
1.0585334300994873,0.6282767653465271
1.0601494312286377,2.098965644836426
1.1827325820922852,0.834196150302887
0.8881912231445312,1.7994763851165771
0.8466715216636658,1.3010468482971191
0.8711583614349365,1.3610804080963135
0.8250155448913574,1.5756492614746094
0.8617824912071228,0.9686419367790222
0.8548731207847595,1.634277105331421
0.8618700504302979,0.9692579507827759
0.9084993600845337,1.754050612449646
0.9272397756576538,0.6875817179679871
1.1142479181289673,2.9064011573791504
1.3563235998153687,0.4971838891506195
1.2921390533447266,1.918012022972107
0.9710243940353394,1.3338568210601807
0.7755618095397949,0.8978679180145264
0.9839845895767212,1.6053340435028076
0.8640066385269165,0.9702456593513489
0.764345645904541,1.4826523065567017
0.8365679979324341,0.9806098341941833
0.916228175163269,1.5340542793273926
0.8101086616516113,1.3004721403121948
0.8481571674346924,1.3926982879638672
0.8130994439125061,1.3786530494689941
0.8738657236099243,1.0829570293426514
0.8017131090164185,1.340416669845581
0.8946233987808228,1.0249369144439697
0.8531339168548584,1.4649866819381714
0.8610113859176636,1.0632151365280151
0.8717264533042908,1.6756922006607056
0.8593795895576477,0.7483206987380981
0.9437365531921387,2.651665210723877
1.3083230257034302,0.32558488845825195
1.2971619367599487,2.3130416870117188
1.1752781867980957,0.7437795996665955
0.8508771657943726,1.3867278099060059
0.8970057964324951,1.3936402797698975
0.8573446869850159,1.0303783416748047
0.810743510723114,1.2953206300735474
0.8527047038078308,1.0500823259353638
0.7846371531486511,1.4010708332061768
0.8679346442222595,1.03391432762146
0.8018755912780762,1.8480511903762817
0.9407954216003418,0.8278365731239319
0.9237765669822693,1.9783294200897217
0.9416135549545288,0.8059815168380737
0.8852485418319702,1.5823941230773926
0.9107558131217957,1.082050085067749
0.8803544640541077,1.757908821105957
0.9152746200561523,0.7686907649040222
0.9372375011444092,1.7613098621368408
0.86798095703125,1.0003591775894165
0.852243959903717,1.4722102880477905
0.9498651027679443,0.8537806868553162
0.8508762717247009,1.8145670890808105
1.0239313840866089,0.6829589605331421
1.0394937992095947,1.9310309886932373
0.8697236776351929,0.926620602607727
0.9240816235542297,1.4186832904815674
0.8170809745788574,1.2438490390777588
0.8204848170280457,1.518353819847107
0.8762916326522827,0.9419843554496765
0.927703857421875,2.2076148986816406
0.9818211197853088,0.6402149796485901
1.0875532627105713,2.055056571960449
1.104474425315857,0.5324438810348511
1.224323034286499,2.2462925910949707
1.1432429552078247,0.6385000944137573
1.0696825981140137,1.7985175848007202
0.9737616777420044,0.958674430847168
0.949296236038208,1.6194169521331787
0.8880987167358398,1.0046885013580322
0.9003763198852539,1.684823751449585
0.8292061686515808,0.9697283506393433
0.9050394296646118,1.0590468645095825
0.9127914309501648,1.4865111112594604
0.9522311687469482,0.7026715874671936
0.9802595376968384,1.836937665939331
0.9363284111022949,0.903893232345581
0.915947675704956,1.4889577627182007
0.7883076667785645,1.2870256900787354
0.790260374546051,1.2021054029464722
0.8211727738380432,1.3167543411254883
0.8666526079177856,1.1251904964447021
0.8727368116378784,1.3370963335037231
0.8499398827552795,1.0111196041107178
0.9635891318321228,1.3014683723449707
0.9002107977867126,1.03428316116333
0.8338582515716553,1.9856010675430298
1.0912721157073975,0.3640699088573456
1.4887205362319946,2.7232627868652344
1.5628255605697632,0.6112414002418518
1.2148727178573608,1.5335979461669922
0.8633714318275452,1.476289987564087
0.9655043482780457,0.7355991005897522
1.0239102840423584,1.8381026983261108
0.9528526067733765,0.8821396827697754
0.8229020833969116,1.1393024921417236
0.9103442430496216,1.573028802871704
0.93714439868927,0.9517034888267517
0.8718909025192261,1.3791334629058838
0.9183799028396606,1.4148609638214111
0.8482454419136047,0.969071090221405
0.9301260113716125,1.5792790651321411
0.9828651547431946,0.7592779397964478
0.9001096487045288,1.4501644372940063
0.9404398202896118,1.0064142942428589
0.8809488415718079,1.1874723434448242
0.9085354804992676,1.0169479846954346
0.7663083076477051,1.3199951648712158
0.7846386432647705,1.277022361755371
0.8797763586044312,1.5958054065704346
0.8607022762298584,0.9385558366775513
0.8870030641555786,1.7644822597503662
0.8799542784690857,0.7918830513954163
0.9905024766921997,1.8091721534729004
1.0131568908691406,0.561626136302948
1.0937423706054688,2.3368561267852783
1.283284306526184,0.6423602104187012
1.2509264945983887,1.9456902742385864
1.0240238904953003,1.0709877014160156
0.9415242075920105,1.578534483909607
0.8495715856552124,1.0848252773284912
0.8996120095252991,1.5762989521026611
0.9285202026367188,1.053418517112732
0.9204681515693665,1.1685905456542969
0.8998088240623474,1.3107523918151855
0.8740121722221375,0.9515237808227539
0.8875107765197754,1.3528801202774048
0.8348168730735779,1.1337919235229492
0.8410968780517578,1.1528503894805908
0.8774687647819519,1.4158703088760376
0.9359849691390991,0.922947883605957
0.8628106713294983,1.7726871967315674
1.0456864833831787,0.46337491273880005
1.2058258056640625,2.4087748527526855
1.2009938955307007,0.6631655693054199
1.0827162265777588,1.378930926322937
0.9542584419250488,1.3671939373016357
0.9194083213806152,1.0147393941879272
1.0000370740890503,1.4046090841293335
0.8598669767379761,1.136944055557251
0.8094948530197144,1.1292831897735596
0.9347922801971436,1.4723414182662964
0.9187333583831787,0.8004400134086609
1.0254241228103638,2.1950507164001465
1.0855929851531982,0.5682843327522278
1.0288639068603516,1.6234512329101562
0.975296139717102,1.1466562747955322
0.9133352637290955,1.3673368692398071
0.8295818567276001,1.1182498931884766
0.9316707253456116,0.9213839769363403
0.9484796524047852,1.473567247390747
0.8842016458511353,1.2013752460479736
0.818148136138916,0.9625292420387268
0.8404397964477539,1.2024548053741455
0.9472967982292175,0.988429844379425
0.8522958159446716,1.2898478507995605
0.8573669195175171,1.1391204595565796
0.8236674070358276,1.0654151439666748
0.8895812034606934,1.4624148607254028
0.8592946529388428,0.9580899477005005
0.8915961980819702,1.448538064956665
0.8531375527381897,1.2173469066619873
0.9291973114013672,1.2790513038635254
0.9092331528663635,1.321645736694336
0.8450232744216919,1.2852985858917236
0.885666012763977,0.9651716947555542
0.9132304191589355,1.6448454856872559
0.9896944165229797,0.5265451073646545
1.1749099493026733,2.6332740783691406
1.3646429777145386,0.3231596350669861
1.5917742252349854,2.1871771812438965
1.2806679010391235,0.8656499981880188
0.9433746933937073,1.0791054964065552
0.89229416847229,1.509141445159912
0.9170264005661011,0.8216888308525085
0.9444788694381714,1.4100432395935059
1.0118927955627441,0.764680027961731
1.0283093452453613,1.7363741397857666
1.0684943199157715,0.7318375110626221
0.9402480125427246,1.4015223979949951
0.9224648475646973,1.066872239112854
0.8959595561027527,1.2394864559173584
0.7592271566390991,1.206254243850708
0.9645897150039673,0.767569899559021
0.9739987254142761,1.7386350631713867
0.9733762145042419,0.8331860899925232
0.9357147216796875,1.3726454973220825
0.9059268236160278,1.2422223091125488
0.830978274345398,0.9349353313446045
0.8693990111351013,1.7221813201904297
0.9535350799560547,0.8301317691802979
0.9835624694824219,1.890313982963562
0.9663404822349548,0.8124423027038574
0.9050421714782715,1.4597312211990356
1.0194549560546875,0.8852577209472656
0.9351894855499268,1.311614751815796
0.9177373647689819,0.9471542239189148
0.8605982661247253,1.659713864326477
0.8992908000946045,0.8546864986419678
0.9120397567749023,1.404534101486206
0.8224707841873169,1.3536219596862793
0.8063312768936157,0.9002606272697449
0.8858276009559631,1.7453504800796509
1.0001776218414307,0.7180287837982178
1.053657054901123,1.7121479511260986
1.0335592031478882,0.748249888420105
1.0654044151306152,1.5517911911010742
1.001318335533142,0.8651012182235718
1.0358161926269531,1.78635573387146
1.0404362678527832,0.6860651969909668
1.006588101387024,2.057518720626831
1.0670506954193115,0.7900044918060303
1.0669291019439697,1.6951873302459717
0.9916943311691284,0.9412363767623901
1.0175738334655762,1.1293387413024902
0.8595249652862549,1.283713459968567
0.8921348452568054,0.9240127205848694
0.8862894773483276,1.4773764610290527
0.9313471913337708,1.0427789688110352
0.8562893867492676,1.453984022140503
0.9366321563720703,0.7700203657150269
1.0151188373565674,1.9645066261291504
1.0803401470184326,0.5207332372665405
1.1387991905212402,2.0494296550750732
1.1860376596450806,0.7787825465202332
0.8660683631896973,1.1113426685333252
0.844924807548523,1.3701329231262207
1.0114173889160156,1.0409152507781982
0.9640312194824219,1.5096728801727295
0.9201638102531433,0.8244924545288086
0.8796975612640381,1.5310051441192627
0.9243720769882202,1.1647005081176758
0.8730390071868896,0.8500383496284485
0.9849328398704529,1.5833102464675903
0.991640031337738,0.7923911809921265
0.9516538381576538,2.0916049480438232
1.1086682081222534,0.5436285734176636
1.1929575204849243,1.9506428241729736
1.102074384689331,0.8433605432510376
0.9876199960708618,1.5876946449279785
0.9135706424713135,0.8611869215965271
0.9006395936012268,1.3334227800369263
0.8407227993011475,1.315293312072754
0.9482681751251221,1.1305434703826904
0.8758352994918823,1.1082069873809814
0.8954199552536011,1.4985346794128418
0.9538112282752991,0.736643373966217
1.043426752090454,2.0484538078308105
1.1703864336013794,0.5913583636283875
1.2672256231307983,1.9019701480865479
1.1183192729949951,0.7639706134796143
0.990531861782074,1.2938621044158936
0.857222318649292,1.3931479454040527
0.8655726313591003,1.091831922531128
0.8511006832122803,1.168489694595337
0.921395480632782,1.3398958444595337
0.8784600496292114,1.306753396987915
0.8512104749679565,1.0694957971572876
0.8788679242134094,1.3667197227478027
0.9279552698135376,0.6846328973770142
1.012869119644165,1.8628414869308472
1.0198447704315186,0.7188427448272705
1.050701379776001,1.612276315689087
0.8656635880470276,1.130681037902832
0.9463728070259094,0.9259958863258362
0.9075378179550171,1.6692900657653809
0.8870998024940491,1.0855870246887207
0.957003653049469,1.2427363395690918
0.9296556711196899,1.05776047706604
0.8072868585586548,1.2685720920562744
0.8968938589096069,0.96192467212677
1.0129730701446533,1.6423763036727905
0.9563202261924744,0.8669695854187012
0.921232283115387,1.6843208074569702
0.9969019889831543,0.6348944306373596
1.1283907890319824,2.10569167137146
1.107452630996704,0.7028396129608154
0.9559879302978516,1.5522524118423462
0.9183763861656189,0.9443967342376709
0.8763373494148254,1.5583792924880981
0.900329053401947,0.9213669896125793
0.9469941854476929,1.678678274154663
0.9287988543510437,0.7947486639022827
1.0427534580230713,1.539402723312378
0.9209843277931213,0.9459434747695923
0.8696970343589783,1.3798754215240479
0.8688023686408997,1.1323955059051514
0.877644956111908,1.2881669998168945
0.8391719460487366,0.9801022410392761
0.8648086190223694,1.3448233604431152
0.7675938606262207,1.0716959238052368
0.8792706727981567,1.2168184518814087
0.9438595771789551,1.1865835189819336
0.9518630504608154,1.4561169147491455
0.9406264424324036,0.7899599075317383
1.0524355173110962,2.287778377532959
1.1899323463439941,0.39691874384880066
1.331453800201416,2.233100175857544
1.1983786821365356,0.9057178497314453
0.9652062654495239,1.1223249435424805
0.9351000785827637,1.6206090450286865
0.9915104508399963,0.7866010069847107
0.9844741225242615,1.7036643028259277
1.005469560623169,0.8903710842132568
1.0447014570236206,1.5998414754867554
0.9827088117599487,1.0066981315612793
0.9368461966514587,1.0663419961929321
0.8423253297805786,1.5266897678375244
0.8875619173049927,1.0950084924697876
0.87073814868927,1.2999062538146973
0.7815486192703247,1.3351027965545654
0.8230475187301636,1.0199834108352661
0.8369689583778381,1.0420289039611816
0.8277086019515991,1.6005003452301025
0.9327583312988281,0.8798588514328003
1.0225335359573364,1.984626054763794
1.0312368869781494,0.8133902549743652
1.0321333408355713,1.9076119661331177
0.9985084533691406,0.7878659963607788
0.9552015066146851,1.5102109909057617
0.8960356712341309,1.1108496189117432
0.8967123031616211,1.1124539375305176
0.8217312097549438,1.4942501783370972
0.9530407190322876,0.8114135265350342
0.9928485155105591,1.7410385608673096
0.9672279953956604,0.8678441643714905
0.9826052784919739,1.7250242233276367
0.8878047466278076,1.032523512840271
0.8997606039047241,1.2608249187469482
0.944477379322052,0.9981540441513062
0.9512720704078674,1.4107820987701416
0.9019801020622253,1.0460901260375977
0.8217657208442688,1.6129183769226074
0.8415336608886719,0.8627610206604004
0.8495726585388184,1.8882193565368652
0.9937853813171387,0.6645476818084717
1.0658258199691772,1.9404709339141846
1.1322318315505981,0.8600520491600037
0.8758102655410767,1.3028171062469482
0.8103795647621155,1.1380194425582886
0.8391363024711609,1.520362138748169
0.962154746055603,0.8672782778739929
0.9555267691612244,1.8652968406677246
0.940102219581604,1.0153214931488037
1.0274006128311157,1.912726879119873
1.0257261991500854,0.7630633115768433
1.05157470703125,1.8221869468688965
1.040803074836731,0.933530330657959
0.8989318609237671,1.453512191772461
0.9150591492652893,0.9728197455406189
0.820787787437439,1.1552507877349854
0.9655760526657104,1.4509549140930176
0.9372595548629761,0.9653340578079224
0.9167066812515259,1.7617273330688477
0.972244143486023,0.7399566769599915
1.0370128154754639,1.8775923252105713
1.0786731243133545,0.6432279348373413
1.1374931335449219,1.8706809282302856
0.9973529577255249,0.8688315153121948
0.8939021825790405,1.1989638805389404
0.8179486989974976,1.3067975044250488
0.9257250428199768,0.8116232752799988
0.8815557956695557,1.844843864440918
1.1022964715957642,0.6419078707695007
1.1103954315185547,1.8919638395309448
1.1274408102035522,0.6605740785598755
1.1567821502685547,1.8538057804107666
1.0327244997024536,0.994461715221405
0.9271875023841858,1.146840214729309
0.8498520255088806,1.6593115329742432
0.9561168551445007,0.901025652885437
1.010959506034851,1.7310287952423096
0.8981881737709045,1.2533223628997803
0.8737598061561584,1.3073081970214844
0.7888331413269043,1.1549701690673828
0.8612103462219238,1.1254162788391113
0.8726353645324707,1.3376752138137817
0.8690351247787476,1.0274848937988281
0.8934286832809448,1.67557954788208
0.935701847076416,0.7542213201522827
1.1555509567260742,2.4109647274017334
1.4394673109054565,0.3633449375629425
1.3767378330230713,1.8188064098358154
1.0133705139160156,1.1333374977111816
0.8727441430091858,1.0407226085662842
0.851447582244873,1.5912922620773315
0.9212050437927246,1.014442801475525
0.8354639410972595,1.2166287899017334
0.7606599926948547,1.4846662282943726
0.7843115329742432,0.8806664943695068
0.8935723304748535,1.9312989711761475
0.9364454746246338,1.0522022247314453
0.9021899700164795,1.339848279953003
0.8736737966537476,1.2337548732757568
0.7486620545387268,1.1801283359527588
0.8326742649078369,1.2166610956192017
0.9240015745162964,1.3869061470031738
0.8801454901695251,1.0584524869918823
0.7815274596214294,1.3632010221481323
0.8759440183639526,1.1429344415664673
0.8240026235580444,2.0417404174804688
0.9423415064811707,0.6262239217758179
1.0929441452026367,2.398073196411133
1.2087254524230957,0.5081720352172852
1.1685771942138672,1.7808029651641846
1.0618550777435303,0.8723466396331787
0.8958680629730225,1.3923451900482178
0.9033870100975037,1.3413994312286377
0.8360835909843445,0.9177560806274414
0.9134660959243774,1.7685123682022095
0.855323851108551,1.0304254293441772
0.8417466878890991,1.0310217142105103
0.8125998973846436,1.5067323446273804
0.8758607506752014,0.9025956392288208
0.8413193821907043,1.557761788368225
0.8695145845413208,1.0267739295959473
0.7728846669197083,1.281402587890625
0.7801198363304138,1.3496507406234741
0.9123595356941223,1.2892060279846191
0.8573099374771118,1.2842860221862793
0.8232158422470093,1.2680052518844604
0.8572758436203003,1.2801406383514404
0.7679747343063354,1.158116340637207
0.8150103092193604,1.4217571020126343
0.8111942410469055,1.0146220922470093
0.8867237567901611,1.2649943828582764
0.7827733159065247,1.266270637512207
0.8266043663024902,1.0005106925964355
0.9007555246353149,1.4645872116088867
0.821660041809082,0.7748687267303467
1.016605257987976,1.9705216884613037
1.0132120847702026,0.8234868049621582
0.990408182144165,1.6822857856750488
0.9888985753059387,0.9767623543739319
0.8259320259094238,1.5986359119415283
0.9519830942153931,0.9761637449264526
0.9634838104248047,2.164653778076172
0.9956258535385132,0.7769741415977478
0.9905357360839844,1.8476094007492065
0.8314383625984192,1.0634938478469849
0.8092923164367676,1.2344324588775635
0.8469581604003906,1.1037122011184692
0.9119406342506409,1.7104251384735107
0.8213106393814087,1.1681599617004395
0.8291460275650024,1.2214628458023071
0.8434234857559204,1.7705745697021484
0.9282895922660828,0.8268904685974121
0.9120455384254456,2.178302764892578
1.0151536464691162,0.6822558045387268
1.0193630456924438,1.9791417121887207
0.9828999638557434,0.8994231224060059
0.8235580325126648,1.4549072980880737
0.8490854501724243,1.3025907278060913
0.7543712258338928,1.2557525634765625
0.941234827041626,1.2826037406921387
0.8416475653648376,1.428693413734436
0.93135005235672,1.2234601974487305
0.7105834484100342,1.1290397644042969
0.8357983231544495,1.1190565824508667
0.9447240829467773,1.5521643161773682
0.8276584148406982,1.0226867198944092
0.7814841866493225,1.6941020488739014
0.8633483052253723,0.8129103779792786
0.8647144436836243,1.6494407653808594
0.8094197511672974,1.2649279832839966
0.8075182437896729,1.3741559982299805
0.8598595857620239,1.289823293685913
0.8954891562461853,1.3636553287506104
0.7190293073654175,1.6648238897323608
0.8478260040283203,0.7208073139190674
0.9454333186149597,1.9238312244415283
0.9638557434082031,0.6769001483917236
0.9732288122177124,2.1862266063690186
0.94377601146698,0.75634765625
0.9042902588844299,1.5002635717391968
0.9496719241142273,0.9844587445259094
0.792032778263092,1.4647181034088135
0.85848069190979,1.2432844638824463
0.7965500950813293,1.3083239793777466
0.798870861530304,1.4171020984649658
0.7452118396759033,0.9825814962387085
0.8499782085418701,1.70339834690094
0.8700916767120361,0.950036883354187
0.9267904758453369,1.827944040298462
0.8443623185157776,0.9605306386947632
0.8287898898124695,1.4991716146469116
0.7913507223129272,1.126959204673767
0.8715171813964844,1.6634538173675537
0.814149022102356,1.2043955326080322
0.8969907760620117,1.2872188091278076
0.7528301477432251,1.282226800918579
0.760353684425354,1.4232590198516846
0.8423391580581665,1.0835068225860596
0.7968134880065918,1.265491247177124
0.8903051614761353,1.518445611000061
0.7752940654754639,1.0048469305038452
0.8088489174842834,1.91228449344635
0.8106092214584351,0.9192206859588623
0.8332093954086304,1.9444668292999268
0.9468538761138916,0.6660555005073547
1.0683627128601074,2.143446445465088
1.0569941997528076,0.5814085602760315
1.3071520328521729,2.5234932899475098
1.23397958278656,0.7687878012657166
0.9447768926620483,1.8141307830810547
0.9679698944091797,0.7312571406364441
0.9977580308914185,2.3002185821533203
1.2209217548370361,0.7220085859298706
0.9833314418792725,2.3124263286590576
1.162578821182251,0.3609435260295868
1.4919086694717407,2.3777618408203125
1.5178539752960205,0.744033932685852
1.0498857498168945,2.1744890213012695
1.0831489562988281,0.8657659292221069
1.063124418258667,1.3304855823516846
0.8502992391586304,1.637560248374939
0.971055805683136,0.8069963455200195
0.8486524224281311,1.3482338190078735
0.8556629419326782,1.2519686222076416
0.7790427207946777,0.9906494617462158
0.9194539189338684,1.1630444526672363
0.8749680519104004,1.328445553779602
0.8768066167831421,1.1963163614273071
0.7660622000694275,1.5383005142211914
0.7884329557418823,1.5814785957336426
0.7854587435722351,1.1385343074798584
0.7593655586242676,1.1482731103897095
0.7926312685012817,1.1920580863952637
0.8840643167495728,1.4573769569396973
0.838508665561676,1.137599229812622
0.8398581743240356,1.733549952507019
0.9165629744529724,0.9241529703140259
0.8231242895126343,1.33016037940979
0.8066200017929077,1.350428581237793
0.6971583366394043,1.3247549533843994
0.7773653864860535,1.443477749824524
0.8299964070320129,1.4785480499267578
0.7850209474563599,1.557621717453003
0.9124223589897156,0.8040703535079956
0.8463806509971619,2.3935835361480713
1.0270531177520752,0.4831206202507019
1.2450947761535645,2.449730396270752
1.3607406616210938,0.506950318813324
1.0875732898712158,1.5293962955474854
0.8069881796836853,1.5188218355178833
0.9389276504516602,0.635631799697876
1.1573209762573242,2.146331310272217
1.143046498298645,0.8306063413619995
0.8751412630081177,1.3141206502914429
0.8875879049301147,1.3856483697891235
0.8487942814826965,1.1227707862854004
0.9028679132461548,1.445330262184143
0.8057084083557129,1.3081194162368774
0.8167852163314819,1.3159449100494385
0.8305957317352295,1.213261365890503
0.7712008953094482,1.2433478832244873
0.8480403423309326,1.5354151725769043
0.8985166549682617,0.6956692337989807
1.0624723434448242,2.2798054218292236
1.0535186529159546,0.6265957355499268
0.9225153923034668,1.3774092197418213
0.8084297180175781,1.3946665525436401
0.8306548595428467,1.3048985004425049
0.8587817549705505,1.2593058347702026
0.9131085872650146,1.1597404479980469
0.8136732578277588,1.6680243015289307
0.8303511142730713,1.077345848083496
0.7805354595184326,1.4080355167388916
0.762576699256897,1.263390302658081
0.8138420581817627,1.5022385120391846
0.880855917930603,1.0504071712493896
0.873069167137146,1.8518269062042236
0.8464466333389282,0.9460315108299255
0.8058058023452759,1.3126966953277588
0.784464955329895,1.9607387781143188
0.9164944887161255,0.7554426789283752
0.884276807308197,1.6814031600952148
0.9626095294952393,0.8391023874282837
0.8503186702728271,2.2433929443359375
0.9920312166213989,0.6369158029556274
0.7949207425117493,1.3290669918060303
0.8140850067138672,1.2036595344543457
0.8723503351211548,1.5793416500091553
0.8147595524787903,1.0407637357711792
0.8493146300315857,1.477968692779541
0.8010004162788391,1.2184617519378662
0.8356906175613403,1.106420636177063
0.7991071343421936,1.9870641231536865
0.9999073147773743,0.7990747094154358
0.8489105701446533,2.289625644683838
1.1190645694732666,0.23598764836788177
1.8863972425460815,3.5715837478637695
2.1364951133728027,0.4827113747596741
1.250956654548645,1.7667958736419678
1.1835198402404785,0.558478593826294
1.1338075399398804,1.6683624982833862
1.0716516971588135,1.404165267944336
0.8964838981628418,0.7275453805923462
1.0568029880523682,1.4067556858062744
0.9478715658187866,1.318495512008667
0.8725719451904297,1.1854572296142578
0.8371721506118774,1.2456846237182617
0.8829725980758667,1.2594279050827026
0.8690675497055054,1.264235019683838
0.7757441401481628,1.498058557510376
0.8678707480430603,0.6605014801025391
0.9590718746185303,2.14194917678833
1.0247585773468018,0.7369611859321594
0.95563143491745,1.9129455089569092
1.0097615718841553,0.9930088520050049
0.8000660538673401,1.2926108837127686
0.8794910907745361,1.462441086769104
0.9303598999977112,1.1117862462997437
0.8697574734687805,1.474450707435608
0.8436276316642761,1.2680598497390747
0.8080623149871826,1.2403796911239624
0.9089442491531372,1.4394662380218506
0.8451920747756958,1.179591417312622
0.8920530676841736,2.0718774795532227
1.0640110969543457,0.6358858346939087
1.0977221727371216,1.8392887115478516
0.8637114763259888,1.2713077068328857
0.8124240636825562,1.3167436122894287
0.7890999913215637,1.8320375680923462
0.9672817587852478,0.5669751167297363
1.0847258567810059,2.017632246017456
0.9907535910606384,1.031367301940918
0.8463892936706543,1.4668078422546387
0.7856134176254272,1.4751776456832886
0.6848167181015015,1.151129961013794
0.7588334083557129,1.3582406044006348
0.8429639339447021,1.3004319667816162
0.7392946481704712,1.2270557880401611
0.7765964865684509,0.9497175216674805
0.8154617547988892,1.4627370834350586
0.7402980327606201,1.285002589225769
0.7604290246963501,1.1108206510543823
0.7985827922821045,1.2367579936981201
0.7291728258132935,1.335503339767456
0.84947669506073,1.460381269454956
0.7891325354576111,1.0515755414962769
0.8135290145874023,2.109518527984619
0.8478808403015137,0.6465802192687988
0.9830909967422485,2.0112833976745605
1.1223703622817993,0.9170992970466614
0.8412655591964722,2.3578362464904785
1.025911569595337,0.35753655433654785
1.6025646924972534,2.7914764881134033
1.5189067125320435,0.7079857587814331
1.0010452270507812,1.4524562358856201
0.9186758995056152,1.1858570575714111
0.981191873550415,1.2191189527511597
0.7620653510093689,1.2011197805404663
0.8420915007591248,1.363896131515503
0.8238687515258789,1.0944013595581055
0.8399593830108643,1.2384387254714966
0.7988742589950562,1.3112714290618896
0.7539464235305786,1.5129749774932861
0.7752420902252197,1.1856443881988525
0.9248492121696472,1.0366761684417725
0.8362353444099426,1.555437445640564
1.0197935104370117,0.817301869392395
0.8705935478210449,1.7586795091629028
0.9295482039451599,0.9789971113204956
0.8791378140449524,1.6512854099273682
0.735666036605835,1.4707541465759277
0.8477080464363098,1.2860441207885742
0.8874053955078125,1.3312835693359375
0.8513002395629883,0.8908662796020508
0.88270103931427,2.0923304557800293
1.004185438156128,0.8601177334785461
0.927932620048523,1.6772723197937012
0.935718834400177,1.130711555480957
0.9089837074279785,1.5396053791046143
0.8272836804389954,0.8119314908981323
0.8887706398963928,1.9048421382904053
0.8807735443115234,1.0893566608428955
0.886820912361145,1.5128014087677002
0.8836211562156677,1.158799171447754
0.7534154653549194,1.473656177520752
0.8145798444747925,0.9601638913154602
0.8322973251342773,1.4754778146743774
0.7777812480926514,1.5517544746398926
0.820946455001831,1.1783990859985352
0.8723393082618713,0.8970497846603394
0.8517102003097534,1.9826300144195557
0.8976360559463501,0.8118988871574402
0.9515056014060974,1.494281530380249
0.6822670102119446,1.4903693199157715
0.7590619325637817,0.8137860298156738
0.937303364276886,2.3142290115356445
1.2424054145812988,0.6868992447853088
0.9336187839508057,2.246642827987671
1.2380553483963013,0.2868681848049164
1.7436304092407227,2.5304670333862305
1.485377311706543,0.8014384508132935
0.8678708076477051,2.2079718112945557
0.9352775812149048,1.3853776454925537
0.9653961062431335,0.9293527603149414
0.9305421710014343,1.5350379943847656
0.9141340255737305,1.316119909286499
0.7905500531196594,1.4157119989395142
0.8703073263168335,1.106480598449707
0.9013465642929077,1.2397083044052124
0.8615206480026245,1.2236729860305786
0.7094337940216064,1.3045217990875244
0.7307988405227661,1.7440390586853027
0.8395503759384155,1.198852777481079
0.9650834202766418,1.7498960494995117
0.7786358594894409,1.1143373250961304
0.834795355796814,1.0533134937286377
0.7904989123344421,1.9722124338150024
0.87896329164505,0.643175482749939
1.0352883338928223,2.087392807006836
0.8473519086837769,1.0462429523468018
0.8614071011543274,1.2353827953338623
1.0088720321655273,2.382819652557373
1.2756834030151367,0.6689133644104004
1.1391544342041016,1.7590110301971436
1.0648646354675293,0.7485893964767456
1.1397629976272583,1.7314188480377197
1.04677414894104,0.8271693587303162
0.9992787837982178,1.425295114517212
0.8783153295516968,1.524361491203308
0.8445686101913452,1.335335373878479
0.872990608215332,1.533792495727539
0.9871482849121094,0.7446010112762451
0.8380956053733826,2.4405839443206787
1.1048846244812012,0.871918797492981
0.8792275190353394,2.4503467082977295
1.0830934047698975,0.5250328779220581
1.2638298273086548,2.1977288722991943
1.224904179573059,0.5221145153045654
1.238040804862976,1.5711560249328613
1.0924999713897705,0.9226107597351074
1.031648874282837,1.0290026664733887
0.9184592366218567,1.9716187715530396
0.7900757789611816,1.241952896118164
0.8706306219100952,0.8817007541656494
1.0162608623504639,2.1402573585510254
0.9941656589508057,0.8204553127288818
1.03323233127594,1.5025317668914795
0.9550382494926453,1.0861146450042725
0.793235719203949,1.4975727796554565
0.807979941368103,1.5227621793746948
0.9286073446273804,0.8394219279289246
0.9359211921691895,1.5822705030441284
0.8687540292739868,1.6973323822021484
0.9238598346710205,0.971988320350647
1.0010015964508057,1.5701059103012085
0.7742321491241455,1.3246214389801025
0.7878882884979248,1.3934893608093262
0.7247062921524048,0.8959086537361145
0.7424246072769165,1.4417109489440918
0.7684668302536011,1.4025105237960815
0.7119166851043701,1.2965800762176514
0.838260293006897,1.4988460540771484
0.7990853786468506,1.1586790084838867
0.8560060262680054,1.433744192123413
0.8288577795028687,1.0050303936004639
0.8387165069580078,1.6541204452514648
0.8422417044639587,1.2200932502746582
0.8362863063812256,0.988304853439331
0.9553707838058472,2.152686595916748
0.8541576266288757,1.0621020793914795
0.9364648461341858,1.280360460281372
0.7602556943893433,2.092714548110962
0.9372915029525757,0.6206789016723633
1.1361292600631714,1.8963584899902344
0.9936673045158386,1.0966367721557617
0.9475722312927246,1.1376440525054932
0.9202070832252502,1.719571828842163
0.8492876291275024,1.2167243957519531
0.8345762491226196,1.2659189701080322
0.7991751432418823,1.0316767692565918
0.8723834753036499,1.4493911266326904
0.7265926599502563,1.2820968627929688
0.9175196290016174,1.1877596378326416
0.7204872965812683,1.29226815700531
0.7645764946937561,1.756913423538208
0.7478578090667725,0.9266780614852905
0.7816037535667419,2.2013792991638184
0.9611126184463501,0.49350500106811523
1.164743185043335,3.2125654220581055
1.5726090669631958,0.3516823351383209
1.3815703392028809,1.5924255847930908
0.9513359069824219,1.490195631980896
0.9461697340011597,0.8358144164085388
0.9196568727493286,1.0935970544815063
0.8362473845481873,2.006899833679199
1.0676884651184082,0.7870538234710693
1.0523359775543213,1.7376230955123901
0.9139940738677979,1.1791960000991821
0.9466551542282104,1.3571772575378418
0.8341634273529053,1.0964198112487793
0.7849270701408386,1.6447627544403076
0.848716676235199,0.9161080718040466
0.9095378518104553,1.834789514541626
0.8063246011734009,0.9375942945480347
0.9025132656097412,1.4966765642166138
0.8820867538452148,1.2769012451171875
0.8933990597724915,1.0801432132720947
0.7547786235809326,1.6066999435424805
0.7849817276000977,1.1225409507751465
0.8500233888626099,1.6641840934753418
0.8328976631164551,1.0513231754302979
0.9753496050834656,1.3816089630126953
0.7855457067489624,1.326505422592163
0.7850639820098877,1.3177337646484375
0.8256299495697021,1.124596357345581
0.8273359537124634,1.175255298614502
0.8021988868713379,1.1963272094726562
0.7822576761245728,1.3716684579849243
0.8155155181884766,1.5488795042037964
0.7130861282348633,1.1029905080795288
0.828715443611145,1.5821449756622314
0.8195098042488098,1.078486442565918
0.8719933032989502,1.2938668727874756
0.7787157297134399,1.3119940757751465
0.8787920475006104,1.2896449565887451
0.8881853818893433,1.0923309326171875
0.7916395664215088,1.12126624584198
0.8089059591293335,1.2825982570648193
0.9167044162750244,1.421217441558838
0.7625043988227844,0.9620393514633179
0.8067969083786011,1.7956430912017822
1.0526807308197021,0.610978364944458
1.1101685762405396,2.189948081970215
1.2944432497024536,0.47679704427719116
1.3098266124725342,2.3871750831604004
0.9663832783699036,1.205789566040039
0.8684275150299072,0.9118605256080627
0.8418457508087158,1.436096429824829
0.888367235660553,1.2714743614196777
0.9133771061897278,1.162484884262085
0.7938858270645142,1.2587506771087646
0.8383651971817017,1.3173973560333252
0.8862320184707642,1.2024656534194946
0.8113309144973755,1.3987817764282227
0.7891268134117126,0.9454988837242126
0.8888716101646423,1.57453191280365
0.8633280992507935,1.0676813125610352
0.7474579811096191,1.7202180624008179
0.9492896795272827,0.6723017692565918
1.0477612018585205,1.6431632041931152
0.8959070444107056,1.06073796749115
0.8211197257041931,1.4085944890975952
0.7546608448028564,1.6217305660247803
0.7611971497535706,1.1200708150863647
0.7655505537986755,1.3474950790405273
0.8019617795944214,1.6973259449005127
0.8267024755477905,1.004418134689331
0.8836308717727661,1.415255069732666
0.8512223958969116,1.7114933729171753
0.7357020378112793,1.2818795442581177
0.9092423319816589,1.3864567279815674
0.8477786779403687,1.1482855081558228
0.9406882524490356,2.506319522857666
1.2646067142486572,0.5405021905899048
1.2336653470993042,3.038449287414551
2.020639419555664,0.16346436738967896
1.966976284980774,1.8765795230865479
0.8849659562110901,1.8898887634277344
1.0923233032226562,0.609606146812439
1.0458509922027588,1.6617133617401123
0.7458392381668091,1.746780276298523
0.7523130178451538,0.9917643666267395
0.918343722820282,1.7986645698547363
0.8849896192550659,1.2637214660644531
0.9974023699760437,1.5083436965942383
0.8711011409759521,1.9491398334503174
0.8393920063972473,1.154782772064209
0.9681320190429688,1.3677606582641602
0.8689408302307129,1.343930959701538
0.8959444761276245,1.3816158771514893
0.8654230833053589,1.2901904582977295
0.7501174807548523,1.2899396419525146
0.8423007726669312,1.0303187370300293
0.783973217010498,1.8493586778640747
0.9413024187088013,1.2602758407592773
0.8172237873077393,1.4563789367675781
0.7216812372207642,1.3867402076721191
0.7573263645172119,1.3704121112823486
0.8740037083625793,0.9253966212272644
0.9406256079673767,1.6700624227523804
0.7589657306671143,1.066705346107483
0.8311828970909119,1.5972139835357666
0.7684682607650757,1.133117914199829
0.8087431192398071,1.8910590410232544
0.9099516272544861,0.9386346936225891
0.8211445212364197,2.092416763305664
0.8497018814086914,0.8771961331367493
1.0444390773773193,1.985330581665039
1.1361429691314697,0.6771827936172485
0.9079476594924927,1.922459602355957
0.7359709739685059,1.324121356010437
0.9925327301025391,1.1205514669418335
0.891884446144104,1.37538480758667
0.7718572020530701,1.2570040225982666
0.9342910051345825,2.474869728088379
1.1514835357666016,0.49067455530166626
1.0581588745117188,1.545424222946167
0.7571835517883301,1.8292888402938843
0.9404443502426147,0.8935646414756775
0.8937919735908508,1.3513617515563965
0.776725172996521,1.0593819618225098
0.8468420505523682,1.5687816143035889
0.8385025858879089,1.254819393157959
0.8674495220184326,1.2374428510665894
0.7818194627761841,1.5712025165557861
0.8008156418800354,1.0620898008346558
0.8880642652511597,1.4531586170196533
0.9117156863212585,1.1542799472808838
0.9244293570518494,1.5945310592651367
0.9187586307525635,0.6589373350143433
1.0825854539871216,2.1981558799743652
1.0783846378326416,1.0793999433517456
0.8738569617271423,1.1400128602981567
0.8294601440429688,1.27329421043396
0.8579363822937012,1.136799931526184
0.798620343208313,1.4038338661193848
0.8680886030197144,1.1208597421646118
0.8040518164634705,1.355241060256958
0.7671436667442322,1.1711921691894531
0.7600656747817993,1.3190650939941406
0.8623822927474976,1.3229074478149414
0.8527877330780029,1.4818851947784424
0.6959885358810425,1.1415903568267822
0.8494940400123596,1.5481233596801758
0.8218114972114563,1.2602763175964355
0.8259721994400024,1.2657039165496826
0.7357210516929626,1.362142562866211
0.8105632066726685,0.8620829582214355
0.8182560801506042,1.817018747329712
0.9929326772689819,0.9924091100692749
0.8541067242622375,1.469240427017212
0.9237958192825317,1.117175579071045
0.8039604425430298,1.4729163646697998
0.822380781173706,1.2374539375305176
0.7711818218231201,1.4973115921020508
0.8351526260375977,1.1092469692230225
0.9981908798217773,1.6994056701660156
0.8486552238464355,1.3309824466705322
0.6698247790336609,1.1028367280960083
0.9287742972373962,1.7654225826263428
0.8772584199905396,0.9640944004058838
0.8348495364189148,1.8516632318496704
0.9323581457138062,0.7886853218078613
0.9897975921630859,2.3611948490142822
0.9960260391235352,0.8139060735702515
0.8702402114868164,2.0287904739379883
0.9605818390846252,0.8158020973205566
0.9153056740760803,2.239874839782715
1.0540108680725098,0.8823281526565552
0.8533134460449219,2.141284704208374
0.8487911820411682,1.248258113861084
0.8371172547340393,1.0333715677261353
0.889488935470581,1.5717408657073975
0.9462152123451233,1.0042200088500977
0.7990014553070068,2.055894613265991
1.0051486492156982,0.4212666153907776
1.4406148195266724,3.2185239791870117
1.7586067914962769,0.5821298360824585
1.1787744760513306,1.8431878089904785
0.859384298324585,1.599128007888794
0.8411805033683777,0.647183895111084
1.0028061866760254,1.782470941543579
0.7609782218933105,1.4874851703643799
0.7912334203720093,0.9982260465621948
0.7593734264373779,1.641819953918457
0.8178515434265137,1.2585225105285645
0.9082977175712585,1.626490831375122
0.8603520393371582,1.1709859371185303
0.7095149755477905,1.1083698272705078
0.8099322319030762,2.36718487739563
0.8825453519821167,0.477273166179657
1.1723955869674683,1.759833574295044
0.846484363079071,1.6580238342285156
0.8837541341781616,0.7478593587875366
0.9490472078323364,1.7049669027328491
0.9468891620635986,1.1709322929382324
0.7861813306808472,0.9497009515762329
1.0101467370986938,1.8729562759399414
0.9118995666503906,1.1068516969680786
0.8894070386886597,1.0900943279266357
0.8554911613464355,1.7235798835754395
0.8183769583702087,1.2008728981018066
0.8128887414932251,1.2778635025024414
0.7641578912734985,2.087648868560791
0.9821236729621887,0.823181688785553
0.9967837333679199,1.9253222942352295
0.9416971802711487,1.1043497323989868
0.8007405996322632,1.2925671339035034
0.8467485904693604,1.4791687726974487
0.8525559902191162,0.968451976776123
0.9367824196815491,2.488631248474121
1.0176926851272583,0.5807466506958008
0.9441134929656982,2.4080750942230225
1.2773475646972656,0.433068186044693
1.2533018589019775,1.7555491924285889
0.9167412519454956,1.580227017402649
0.9471620917320251,0.7406759262084961
0.805249810218811,1.5299246311187744
0.9084998369216919,1.4027321338653564
0.8983381986618042,1.362532615661621
0.8235582113265991,0.8964576721191406
0.8635603189468384,1.5501737594604492
0.7663397789001465,1.3430964946746826
0.8383569717407227,1.3274345397949219
0.7361795902252197,1.4091345071792603
0.796379566192627,1.2068650722503662
0.9245383739471436,1.5868699550628662
0.8341402411460876,1.176947832107544
0.7260117530822754,1.3072271347045898
0.652450442314148,1.0154526233673096
0.845784604549408,1.6412436962127686
0.8438009023666382,1.1352818012237549
0.7303725481033325,1.8818323612213135
0.7903943657875061,1.197328805923462
0.7082480192184448,1.4395966529846191
0.7172006368637085,1.5426125526428223
1.0109195709228516,0.6200670599937439
1.0830662250518799,2.656245231628418
1.486305594444275,0.5157486200332642
1.3948556184768677,3.4998714923858643
2.2573351860046387,0.29987281560897827
1.8471463918685913,1.6184219121932983
1.019271731376648,1.6487773656845093
1.229227066040039,0.618746817111969
1.2416348457336426,1.5473638772964478
1.0160201787948608,1.440334439277649
1.0610097646713257,0.9563659429550171
1.0468541383743286,1.5207889080047607
1.072519302368164,1.0200151205062866
0.9375986456871033,0.9949055910110474
1.0003395080566406,1.3921562433242798
1.0434277057647705,1.020871639251709
0.8700759410858154,1.2873659133911133
1.0343194007873535,1.3064638376235962
0.9266828298568726,1.0747065544128418
0.9727675914764404,0.887474775314331
1.0241038799285889,1.4442261457443237
1.0881295204162598,1.1992594003677368
1.041076421737671,1.0390945672988892
0.8168194890022278,1.1626722812652588
0.9185178279876709,1.1546744108200073
0.9687477946281433,1.3319547176361084
0.902735710144043,1.2517287731170654
0.9797079563140869,1.124160885810852
0.983746349811554,1.0781636238098145
0.87864750623703,1.6082509756088257
0.8969693183898926,0.8289539813995361
0.9642479419708252,1.7047700881958008
1.0431158542633057,0.9212579131126404
0.9526834487915039,1.653367280960083
0.9959761500358582,0.972101092338562
0.9862983226776123,1.6507092714309692
0.9721035957336426,0.8571162223815918
0.9412573575973511,1.2728328704833984
0.8573228120803833,1.4496583938598633
0.7645018100738525,0.8413581252098083
1.0489187240600586,1.488944172859192
0.7416369915008545,1.4522957801818848
0.8464823365211487,0.8466551303863525
0.9409777522087097,1.4416548013687134
0.8560034036636353,1.235661268234253
0.7840970754623413,1.3930094242095947
0.8497719764709473,1.3433144092559814
0.8967336416244507,1.171783447265625
0.8215798139572144,1.2659319639205933
0.8060528635978699,1.0610324144363403
0.8833298683166504,1.3678548336029053
0.8741029500961304,1.0695316791534424
0.9024143815040588,1.7137442827224731
0.8140235543251038,1.070953369140625
0.8644609451293945,1.562309741973877
0.9507008790969849,1.0456924438476562
0.9590683579444885,1.2671759128570557
0.9574670195579529,1.2553101778030396
0.8031953573226929,1.2672675848007202
0.9343699812889099,1.5069291591644287
0.6534274816513062,1.080923080444336
0.7885928153991699,1.3914180994033813
0.8438594341278076,1.8093481063842773
0.9292203783988953,0.8085014224052429
0.8343505859375,1.931746482849121
0.8970599174499512,0.9738056063652039
0.9367070198059082,1.2047356367111206
0.8736536502838135,1.5128177404403687
0.9020861983299255,1.0649933815002441
0.8553082942962646,1.6963722705841064
0.8543655872344971,0.9445868134498596
0.9137815237045288,1.5250128507614136
0.8998254537582397,0.9819214344024658
0.8378674387931824,1.7005298137664795
0.7466874718666077,1.276963233947754
0.838996410369873,1.1884353160858154
0.9147261381149292,1.9453206062316895
1.0541177988052368,0.6131731271743774
1.1838399171829224,2.8984932899475098
1.3448714017868042,0.44705766439437866
1.3653202056884766,2.562347650527954
1.4410521984100342,0.6830364465713501
1.1129766702651978,1.4082493782043457
0.8798258304595947,1.3353679180145264
0.9880511164665222,0.7333364486694336
1.059766173362732,1.7952327728271484
1.0041899681091309,1.008256196975708
0.9536210298538208,1.1659140586853027
0.7943785190582275,1.3435877561569214
0.8651620149612427,1.0236890316009521
0.8271288871765137,1.2002153396606445
0.8499419093132019,1.1222660541534424
0.8604177236557007,1.7192349433898926
1.104444146156311,0.9366616010665894
1.06399405002594,1.7837660312652588
0.9657017588615417,0.8950611352920532
1.0237269401550293,1.5496494770050049
0.9011604189872742,1.4387701749801636
0.8629714250564575,1.2410368919372559
0.83899986743927,1.4117927551269531
0.9039126038551331,1.41843843460083
0.866295337677002,0.9998310804367065
0.8733258843421936,1.4713797569274902
0.8514907360076904,0.834510087966919
0.8883451223373413,1.374912142753601
0.8776922225952148,0.8045021891593933
0.9515582919120789,2.3336169719696045
0.9088183641433716,1.0050987005233765
0.797248363494873,1.2469098567962646
0.8194655776023865,1.4980463981628418
0.7428399324417114,1.3165345191955566
0.923242449760437,1.1553411483764648
0.8514069318771362,1.7615662813186646
0.8524877429008484,1.2466336488723755
0.8513820171356201,1.465795636177063
0.9078783988952637,1.6486058235168457
0.9159036874771118,1.040985107421875
0.7997137308120728,1.6064260005950928
0.9619343280792236,1.0414189100265503
0.8959373235702515,1.58640718460083
0.797268271446228,1.0961118936538696
0.7915871739387512,1.3220272064208984
0.8697767853736877,1.3944523334503174
0.8242630958557129,1.3409297466278076
0.8487198352813721,1.504116177558899
0.8729802370071411,0.8778221011161804
0.8895587921142578,1.6744611263275146
0.9155565500259399,1.0238852500915527
0.9153441786766052,1.5805044174194336
0.7611267566680908,1.5793514251708984
0.7969751358032227,1.1579726934432983
0.7818732261657715,1.6504004001617432
0.8457603454589844,1.090720772743225
0.7617555856704712,1.7694010734558105
0.7597032785415649,0.8748672604560852
0.8536026477813721,1.9099767208099365
0.7850993275642395,1.1077768802642822
0.7954128384590149,1.4048702716827393
0.8929149508476257,1.0881121158599854
0.7823644876480103,1.2427878379821777
0.7113548517227173,1.9038269519805908
0.9608683586120605,1.3015402555465698
0.7914451360702515,1.602283000946045
0.8173319101333618,0.9247084856033325
0.8120781183242798,1.3982739448547363
0.8746356964111328,1.1497994661331177
0.8103219270706177,1.7894519567489624
0.8850224614143372,1.0226402282714844
0.9055261015892029,2.0985054969787598
0.9857405424118042,0.6160403490066528
1.0227859020233154,2.4897687435150146
1.126755952835083,0.5967788100242615
1.1841200590133667,2.539252758026123
0.9374222755432129,1.0989198684692383
0.9189059138298035,1.035462737083435
0.9566742181777954,1.8027914762496948
0.7886129021644592,1.4012222290039062
0.7096556425094604,1.4054516553878784
0.7873297929763794,1.4292054176330566
0.823142409324646,1.6281020641326904
0.7903648614883423,1.1429812908172607
0.7722418904304504,1.9632301330566406
0.87931227684021,0.9031037092208862
0.7546755075454712,1.5595495700836182
0.9055472612380981,1.1479202508926392
0.854438304901123,1.7866278886795044
0.8445655107498169,0.7184039950370789
0.8928000330924988,1.5286431312561035
0.8771653771400452,1.027649164199829
0.8678122758865356,1.3331499099731445
0.787234365940094,1.1614251136779785
0.8546422123908997,1.3603885173797607
0.750981867313385,1.3778302669525146
0.7821062803268433,1.234070062637329
0.7028292417526245,2.0951528549194336
0.9371386766433716,0.6530036330223083
1.1111843585968018,2.8289523124694824
1.7299453020095825,0.39270222187042236
1.6606364250183105,2.8364803791046143
1.478018045425415,0.5660946369171143
0.9985464215278625,1.5753021240234375
0.8527426719665527,1.4103941917419434
0.7336879968643188,1.0380940437316895
0.901496171951294,1.9388819932937622
0.8730142116546631,1.1256110668182373
0.9890041947364807,1.5160033702850342
0.9570967555046082,1.1218308210372925
0.9134870171546936,1.3908779621124268
0.8382974863052368,1.107660174369812
0.8577455282211304,1.3149559497833252
0.8130724430084229,1.3517839908599854
0.9093913435935974,1.229355812072754
0.9357972145080566,1.7468318939208984
0.8227472901344299,1.0405840873718262
0.7805473804473877,0.9098370671272278
0.7836332321166992,1.6495566368103027
0.8493932485580444,1.075617790222168
0.8864104747772217,1.1930452585220337
0.9630651473999023,1.184748888015747
0.813396692276001,1.3293330669403076
0.8437539339065552,0.9266897439956665
0.9288316369056702,1.9872770309448242
0.870225191116333,1.0811026096343994
0.8201639652252197,1.1184163093566895
0.7327016592025757,1.3495211601257324
0.8649903535842896,0.9635099172592163
0.8001298308372498,1.4736558198928833
0.7826601266860962,0.9462213516235352
0.9180724024772644,1.6884777545928955
0.7860571146011353,1.1847741603851318
0.8418926000595093,1.184321403503418
0.8771588802337646,1.592937707901001
0.8269225358963013,1.1258907318115234
0.9318312406539917,1.8957974910736084
0.8358070850372314,1.0566227436065674
0.8416051864624023,1.3755629062652588
0.7680073976516724,1.565622329711914
0.8017444610595703,1.4552809000015259
0.8648015260696411,1.120837926864624
0.7732571959495544,1.6700198650360107
0.7706069946289062,1.166764497756958
0.931891679763794,2.2510337829589844
1.2612321376800537,0.4807376563549042
1.2237017154693604,3.175131320953369
1.595996379852295,0.41905346512794495
1.5319727659225464,3.3130569458007812
2.2304110527038574,0.46401500701904297
1.6438125371932983,1.4772579669952393
1.1917393207550049,0.8649967908859253
1.0563150644302368,1.0767298936843872
1.0924057960510254,1.1807162761688232
1.0663939714431763,0.7822401523590088
1.1228879690170288,1.507025122642517
1.0761594772338867,1.0109583139419556
1.0918790102005005,1.2914009094238281
1.0704538822174072,0.9771034121513367
0.9475451111793518,1.1852408647537231
0.9966588020324707,1.0769462585449219
0.9575484991073608,1.1516319513320923
0.985244631767273,0.9018934965133667
0.9469056129455566,1.444869875907898
1.0070645809173584,0.866844117641449
0.9829727411270142,1.2252874374389648
1.0044419765472412,1.2559707164764404
0.9469974040985107,1.241007685661316
0.8701379895210266,1.0347744226455688
0.9305987358093262,1.482143521308899
1.0208675861358643,0.8327611088752747
0.9775722026824951,1.3812915086746216
0.9434769153594971,1.2505799531936646
0.8557047843933105,1.055042028427124
0.9357761144638062,1.2019233703613281
1.104982852935791,1.0780599117279053
0.9205074310302734,1.2960807085037231
0.9227051138877869,1.2233198881149292
0.9683862924575806,1.0392143726348877
0.9420074820518494,1.316838026046753
0.9469630718231201,1.2358708381652832
0.9597598314285278,1.5053004026412964
0.9123847484588623,0.8004193902015686
0.9707652926445007,1.610361099243164
0.8910300731658936,1.2358505725860596
0.8234929442405701,1.0941200256347656
0.9212470650672913,1.4458115100860596
0.8770653605461121,0.8502002954483032
0.9938862919807434,1.4837501049041748
0.8557332754135132,0.9831653833389282
0.825405478477478,1.2590253353118896
0.8799595832824707,1.3478069305419922
0.8662164211273193,0.8258658647537231
0.9063014388084412,1.7469191551208496
0.8948644995689392,1.2255985736846924
0.8709240555763245,1.330209732055664
0.9048603773117065,1.0135254859924316
0.8706659078598022,1.1946065425872803
0.8904407620429993,1.4536941051483154
0.8584831953048706,0.9530595541000366
0.8556544780731201,1.5261708498001099
0.9157512784004211,1.0944527387619019
0.914589524269104,1.9705455303192139
0.7750281095504761,0.9204139709472656
0.8694438934326172,1.424727439880371
0.8186481595039368,1.3213638067245483
0.7581677436828613,1.0168242454528809
0.9510540962219238,1.9510740041732788
0.9158779978752136,0.8164790272712708
0.8689184188842773,1.6389788389205933
0.867946982383728,1.5526623725891113
0.9062116146087646,0.8612005114555359
0.8420639634132385,1.353598952293396
0.968575119972229,0.9646063446998596
0.8137314319610596,1.1283069849014282
0.7841244339942932,1.8872004747390747
1.0015743970870972,0.5999111533164978
1.1388076543807983,2.406802177429199
1.2221078872680664,0.6182922124862671
1.0337767601013184,1.8809986114501953
0.8434261679649353,1.1325030326843262
0.9621890783309937,0.9961954355239868
0.7744143009185791,1.526493787765503
0.8250741958618164,1.1761116981506348
0.8428423404693604,1.4569079875946045
0.6953346729278564,1.2841510772705078
0.8518811464309692,1.7057771682739258
0.7517125606536865,1.287306308746338
0.8542268872261047,0.9329511523246765
0.9197496771812439,1.7204880714416504
1.0893810987472534,0.7917519807815552
0.965313196182251,2.38346004486084
1.1288141012191772,0.682294487953186
1.090052604675293,1.8820278644561768
1.034015417098999,0.9938875436782837
0.8001084923744202,1.4185845851898193
0.8545621633529663,1.2458909749984741
0.8054413795471191,1.221430778503418
0.8216296434402466,1.7160706520080566
0.8725053668022156,1.0163254737854004
0.8208576440811157,1.549420952796936
0.7910967469215393,0.8752415776252747
1.0968518257141113,2.213949680328369
1.1287953853607178,0.6430519223213196
1.045128583908081,1.2222089767456055
0.7921948432922363,1.614534616470337
0.7766565084457397,1.2683453559875488
0.8433650732040405,1.3001750707626343
0.8942914009094238,1.168086290359497
0.7498086094856262,1.1537845134735107
0.7814688682556152,1.917434811592102
0.9410185813903809,1.065780520439148
0.7970513105392456,1.1319056749343872
0.7834873795509338,1.6316022872924805
0.7869503498077393,1.3810558319091797
0.7904233932495117,1.482508897781372
0.8194730281829834,1.3090784549713135
0.7171736359596252,1.311264991760254
0.8762549161911011,1.659362554550171
0.883399248123169,1.2137117385864258
0.826959490776062,1.274972915649414
0.7063525915145874,1.3570358753204346
0.8570085763931274,1.5165296792984009
0.8909363746643066,1.1164467334747314
0.730267345905304,1.9529451131820679
1.054269790649414,0.5407788753509521
1.0801465511322021,2.187869071960449
0.9029248952865601,1.1345771551132202
0.8869540095329285,0.8007014989852905
0.9816215634346008,2.121270179748535
0.9935506582260132,1.105211853981018
0.7860534191131592,1.1087744235992432
0.8372837901115417,1.6337368488311768
0.8409732580184937,1.265650749206543
0.8834563493728638,1.284132957458496
0.7880394458770752,1.5020864009857178
0.7780512571334839,1.3235375881195068
0.6999210119247437,1.4455995559692383
0.853171169757843,1.2756025791168213
0.763573408126831,1.2052910327911377
0.850770115852356,0.975509762763977
0.8507354259490967,1.8781766891479492
0.8436416983604431,0.9938336610794067
0.7653393149375916,1.6811857223510742
0.9175224304199219,1.201866865158081
0.8691351413726807,1.6782422065734863
0.9293868541717529,0.8870271444320679
0.8957093954086304,2.2369749546051025
0.925248384475708,0.7766101956367493
0.8748865723609924,2.402437925338745
1.1363050937652588,0.5875731706619263
1.1111797094345093,3.081204414367676
1.8196804523468018,0.22690603137016296
1.9093109369277954,2.0070533752441406
1.196150779724121,1.0542418956756592
0.9894917607307434,0.8189750909805298
0.9011261463165283,1.5620309114456177
0.8240596652030945,1.2260332107543945
0.984305202960968,0.9349765777587891
1.1529103517532349,1.982987642288208
1.0542652606964111,1.0121289491653442
0.9922320246696472,1.0316767692565918
0.891237735748291,2.0613067150115967
1.0098782777786255,0.9654378890991211
0.9648678302764893,1.125688076019287
0.8691381216049194,1.437096118927002
0.8448490500450134,0.8995450139045715
0.8994035124778748,1.4335049390792847
0.8509924411773682,1.2408955097198486
0.780144214630127,1.2136249542236328
0.848677933216095,1.2000335454940796
0.953575849533081,1.4898591041564941
0.7062305212020874,1.2326338291168213
0.9100673794746399,1.2348577976226807
0.8399839401245117,1.0570688247680664
0.816222608089447,1.516879677772522
0.9054949283599854,0.7625336050987244
0.956623375415802,2.184100389480591
0.9507181644439697,1.1388607025146484
0.7901226282119751,1.2719528675079346
0.8219607472419739,1.5619101524353027
1.1167601346969604,0.813233494758606
0.9277730584144592,1.571005940437317
0.8730568885803223,1.3635470867156982
0.8713717460632324,1.2037993669509888
0.8041818737983704,1.4041411876678467
0.8705344796180725,1.1054017543792725
0.768376350402832,1.4567725658416748
0.8873117566108704,0.9943777918815613
0.8671190738677979,1.4592747688293457
0.7460733652114868,1.9722360372543335
0.9662379026412964,0.7598540782928467
1.011838436126709,2.0536437034606934
1.0705490112304688,1.0180343389511108
0.837678849697113,1.0406720638275146
0.7899723052978516,2.1131391525268555
0.9291301965713501,0.8098185062408447
0.9280598759651184,1.3407351970672607
0.9141044616699219,1.0710678100585938
0.7445505857467651,1.3043495416641235
0.9022700190544128,1.1397967338562012
0.8430560827255249,1.3371024131774902
0.8079864978790283,1.0597550868988037
0.7657973766326904,1.5916508436203003
0.8494927287101746,0.9487797617912292
0.797848105430603,1.525712490081787
0.8908864259719849,1.3384392261505127
0.7602239847183228,1.0959501266479492
0.812002420425415,1.6240228414535522
0.9651331901550293,0.6913809776306152
0.9166699647903442,2.51632022857666
1.1634784936904907,0.7333253622055054
1.1391165256500244,1.8692541122436523
0.8750260472297668,1.2046254873275757
0.9283760786056519,0.9708932042121887
0.8150079846382141,1.742220401763916
0.8340221047401428,1.1150708198547363
0.8041422367095947,1.5622191429138184
0.6958231329917908,1.4479832649230957
0.9252288341522217,1.0800940990447998
0.9131098985671997,1.600660800933838
0.9517680406570435,0.8391773700714111
0.8914597034454346,2.453033447265625
1.1939902305603027,0.4591757655143738
1.148490071296692,1.5644675493240356
0.9189172983169556,1.4300727844238281
0.7562779188156128,1.2799005508422852
0.9738239645957947,1.5873565673828125
0.7986101508140564,1.1313220262527466
0.7279761433601379,1.2833038568496704
1.0237007141113281,1.3858941793441772
0.8259202837944031,1.1779842376708984
0.799824059009552,1.591773271560669
0.8603375554084778,1.829452395439148
0.8389108777046204,1.046819806098938
0.7921937704086304,1.558035969734192
0.7275439500808716,1.7995474338531494
0.8947054147720337,0.9260979294776917
0.7421648502349854,1.5464805364608765
0.8416488170623779,1.1956028938293457
0.7061854600906372,1.7721494436264038
0.7763099074363708,1.4458240270614624
0.8399448990821838,0.9291688203811646
0.9185856580734253,1.7295620441436768
0.8025916814804077,1.0743179321289062
1.0006909370422363,1.7049510478973389
0.9739598631858826,0.9903736114501953
0.9497117400169373,1.4059277772903442
0.8178715705871582,0.9166309833526611
0.8213253021240234,1.7364215850830078
0.9161755442619324,1.0578734874725342
0.8350511193275452,1.3397915363311768
0.8109925985336304,1.6498699188232422
0.9205114841461182,1.2471827268600464
0.799566388130188,2.271174907684326
0.899286150932312,0.7844151258468628
1.0486654043197632,2.3079185485839844
1.0698533058166504,0.9332622289657593
0.9841601848602295,1.7474777698516846
0.7897658944129944,1.4565292596817017
0.7869607210159302,0.9716976881027222
0.9453353881835938,2.0477640628814697
0.9151266813278198,1.1762793064117432
0.865917444229126,1.4997801780700684
0.786796510219574,1.3129098415374756
0.69896399974823,1.3114200830459595
0.8487501740455627,1.4678308963775635
0.765130877494812,1.1749787330627441
0.7579076886177063,2.006740093231201
0.8650111556053162,0.872488260269165
0.8413010835647583,1.9117577075958252
0.8733557462692261,0.8598299622535706
0.9473766088485718,1.6150822639465332
0.7736397981643677,1.719935417175293
0.9079874753952026,0.8928420543670654
0.9066557288169861,1.5455924272537231
0.8966238498687744,1.2360817193984985
0.9141854047775269,1.7323362827301025
0.8845981955528259,1.1585423946380615
0.8772119283676147,1.8401318788528442
0.7674394249916077,1.1013909578323364
0.9404820799827576,1.3561341762542725
0.7886987924575806,1.8098398447036743
0.9233285188674927,0.8569328784942627
0.8646619319915771,3.246365547180176
1.528315544128418,0.4354138970375061
1.2502613067626953,3.263667345046997
1.9590082168579102,0.27257785201072693
1.6855063438415527,1.7833037376403809
1.1248106956481934,0.9675043821334839
0.9761365652084351,1.333525538444519
1.0802836418151855,1.1932966709136963
0.9373153448104858,1.0763119459152222
0.9585988521575928,0.8633149862289429
1.0965821743011475,1.1165950298309326
0.9991822838783264,1.2378034591674805
1.0515401363372803,1.0612437725067139
1.0663725137710571,1.1020514965057373
1.0649982690811157,1.3990451097488403
0.9231458902359009,1.0165761709213257
0.9513654112815857,1.0806074142456055
0.971220850944519,1.1807489395141602
0.9074633121490479,1.5160682201385498
0.8847059011459351,1.1136690378189087
1.0199812650680542,1.0577566623687744
0.8442116975784302,1.3358867168426514
1.07350754737854,1.0808967351913452
0.9353670477867126,1.451460599899292
0.9146676659584045,1.3227450847625732
1.0283433198928833,0.9793695211410522
0.9890676140785217,1.5671815872192383
1.0577812194824219,1.019676923751831
0.9347211122512817,1.2589175701141357
0.9464742541313171,1.2162851095199585
0.8911769390106201,1.2122634649276733
0.8955730199813843,1.1390016078948975
1.003787875175476,1.3586046695709229
0.9727491140365601,0.8952654600143433
0.9173035621643066,1.2037274837493896
0.8555346727371216,1.208160161972046
0.8367071151733398,1.3721327781677246
1.0708352327346802,0.8485469818115234
1.0667704343795776,1.593541145324707
1.103143334388733,0.5868662595748901
1.2120161056518555,1.8874967098236084
1.1116501092910767,1.1768033504486084
0.8757882714271545,1.094032645225525
0.877499520778656,1.5636544227600098
0.9544965028762817,0.9272975921630859
0.8347977995872498,1.3889744281768799
0.8931739330291748,1.6019182205200195
0.7327280640602112,0.9416338205337524
0.834145724773407,1.353790283203125
0.9741851091384888,1.6277477741241455
0.952111542224884,0.6253118515014648
0.9872753620147705,2.0618607997894287
0.9564286470413208,0.8318098187446594
1.0016744136810303,1.7373005151748657
0.9856207370758057,1.1994637250900269
0.825715959072113,1.023930311203003
0.8122636675834656,1.5006699562072754
1.0691800117492676,0.8341221809387207
0.9751378297805786,1.7335522174835205
0.896950364112854,0.8217072486877441
0.9363697171211243,1.7833478450775146
1.153770089149475,0.7032085657119751
1.0071907043457031,1.33656644821167
0.7888014316558838,1.6502456665039062
0.8866130709648132,1.1522624492645264
0.8925472497940063,1.3416476249694824
0.8350781202316284,1.158066987991333
0.8393903970718384,1.6399755477905273
0.9601647853851318,0.8367840051651001
0.9721475839614868,1.9970953464508057
1.0669679641723633,0.7543554306030273
1.1074976921081543,1.8030288219451904
0.9122158288955688,1.253975749015808
0.8094604015350342,1.3553199768066406
0.7920761108398438,1.3843157291412354
0.8960579633712769,2.203005313873291
1.0179615020751953,0.6286238431930542
1.1308356523513794,2.1781163215637207
1.2125601768493652,1.0518463850021362
0.938529372215271,1.5552682876586914
0.7974922060966492,1.4396718740463257
0.8456286787986755,1.022864818572998
0.7701780796051025,1.3475959300994873
0.78333580493927,1.5959193706512451
0.8833048343658447,1.0043151378631592
0.9677302837371826,2.0666158199310303
0.8348051309585571,1.0453531742095947
0.8637529015541077,1.0544288158416748
0.7050955295562744,1.6089686155319214
0.9819743633270264,0.7411585450172424
0.951514482498169,1.710423231124878
1.0067172050476074,1.2081674337387085
0.8583489656448364,1.4649958610534668
0.8640061020851135,0.9042873382568359
0.8480865359306335,1.5242828130722046
0.9267398118972778,0.7834786176681519
0.9733753800392151,1.838078498840332
1.023909330368042,1.1679407358169556
0.8187083601951599,1.2900514602661133
0.9532701969146729,1.2118330001831055
0.8156575560569763,1.8053539991378784
0.8450192213058472,0.9480832815170288
1.0131725072860718,2.014371633529663
0.9415299296379089,0.8720780611038208
0.8445640802383423,1.5959718227386475
0.8424923419952393,1.5418072938919067
0.9349978566169739,0.8778941631317139
0.9167664051055908,1.9292728900909424
0.9872605204582214,1.1373546123504639
0.7782329320907593,1.0737016201019287
0.8803415894508362,1.4254075288772583
0.6979235410690308,1.316310167312622
0.8257954120635986,1.071417212486267
0.8804464936256409,1.4693388938903809
0.8582994937896729,1.6169666051864624
0.8489722013473511,1.2571017742156982
0.8217409253120422,1.3085358142852783
0.7602541446685791,1.5611083507537842
0.9134063720703125,0.7938570976257324
1.0954415798187256,2.371093988418579
1.1036322116851807,0.8982797861099243
1.013464331626892,1.421722412109375
0.6678827404975891,1.2347161769866943
0.8573158979415894,1.27579665184021
0.9555908441543579,1.1714046001434326
0.785281777381897,1.6270803213119507
0.8720570206642151,1.005793809890747
0.8204233646392822,1.7019877433776855
0.9045069217681885,0.938614010810852
0.955991268157959,1.761132001876831
0.8095188736915588,0.9905810952186584
0.9239242076873779,1.3374059200286865
0.9169058203697205,1.2705577611923218
0.8109512329101562,1.741506576538086
0.8962530493736267,1.6185858249664307
0.9676311016082764,1.281927227973938
0.85491544008255,1.733344554901123
0.917665421962738,0.9956193566322327
0.9306854605674744,1.8887081146240234
0.872533917427063,0.7723318338394165
0.8966637849807739,2.5142321586608887
0.7476087808609009,1.2134326696395874
0.7711985111236572,2.1292715072631836
0.9499561190605164,1.3248364925384521
0.7763957977294922,1.2767550945281982
0.7757678031921387,2.118338108062744
0.8843355178833008,0.8944224119186401
0.8187596797943115,2.1592249870300293
0.9229800701141357,1.1819640398025513
0.9098140001296997,1.9918057918548584
0.9561397433280945,1.02077317237854
1.0458853244781494,2.585338592529297
0.9963427186012268,0.903239369392395
1.087141513824463,2.3495261669158936
0.7840977311134338,1.4153906106948853
0.6340146064758301,1.3329613208770752
0.5927140712738037,1.701427936553955
0.6497941017150879,1.6705665588378906
0.8205037117004395,1.2717775106430054
0.8662034273147583,2.5186824798583984
1.3161256313323975,0.6538456678390503
1.3201051950454712,3.6240293979644775
1.5659199953079224,0.5961249470710754
1.089316487312317,2.760571002960205
1.2442291975021362,0.8474173545837402
0.9054404497146606,1.2356199026107788
0.8945903778076172,1.7799913883209229
1.053272008895874,0.666483461856842
1.1050434112548828,1.5674304962158203
0.9996903538703918,1.3303383588790894
1.0803134441375732,1.0004150867462158
0.9872745871543884,1.532021403312683
1.0820049047470093,1.0292999744415283
1.0071269273757935,1.330803632736206
0.9820188283920288,0.9248812198638916
0.9738616943359375,1.3329358100891113
0.9876188039779663,1.248777151107788
0.8350049257278442,1.176242709159851
0.9262523651123047,0.9378095269203186
0.8460796475410461,1.3302963972091675
1.0016753673553467,1.414783000946045
0.8214288949966431,1.3011889457702637
0.8688273429870605,0.9070072174072266
0.8710424304008484,1.0842006206512451
0.8856659531593323,1.404687523841858
0.8599862456321716,1.2983492612838745
0.804413914680481,1.5086361169815063
0.9644275903701782,0.8690704703330994
0.8593719005584717,1.2471100091934204
0.7734314799308777,1.483388900756836
0.7978675365447998,1.233098030090332
0.9122267961502075,1.0191009044647217
0.880569338798523,1.6259809732437134
0.8413728475570679,1.6191298961639404
0.9018881916999817,0.8662881851196289
1.0215225219726562,1.5367673635482788
0.8388015031814575,1.7520394325256348
0.90850830078125,1.1070914268493652
0.788966953754425,1.4044058322906494
0.7378522753715515,1.7109184265136719
0.6379604339599609,1.1901159286499023
0.8967247009277344,1.224319338798523
0.8640022873878479,1.0229647159576416
0.946034848690033,1.7713072299957275
0.8396116495132446,0.9686324596405029
0.8906574249267578,1.9893531799316406
0.9022750854492188,1.3132622241973877
0.9016389846801758,1.2229254245758057
0.7407478094100952,1.840896725654602
0.9169324636459351,0.8788700103759766
0.9203404188156128,1.8432676792144775
0.8820046186447144,0.8053420782089233
0.9814283847808838,2.6941874027252197
1.2016825675964355,0.7081021070480347
0.9465838670730591,1.6101452112197876
0.9440015554428101,2.071484088897705
0.9472423791885376,0.665529727935791
0.9170842170715332,1.1532986164093018
0.6971545815467834,1.873779296875
0.8338465690612793,0.9643357992172241
0.8260344862937927,1.5056968927383423
0.8840674161911011,1.1367666721343994
0.859403133392334,1.32193922996521
0.7054189443588257,1.451377034187317
0.7703843116760254,1.01869797706604
0.8166985511779785,1.50153386592865
1.0276246070861816,0.8587983846664429
0.8890857696533203,1.4654333591461182
0.8412249684333801,0.9042914509773254
0.9278535842895508,1.8176548480987549
0.9455349445343018,1.1219027042388916
0.8516864776611328,1.7976423501968384
0.8382279276847839,1.1416904926300049
0.9856029748916626,1.601226806640625
0.7013193368911743,1.7049775123596191
0.7677001953125,1.2845408916473389
0.6815653443336487,1.4011802673339844
0.7627049684524536,1.1095921993255615
0.7937648892402649,1.6404412984848022
0.8524381518363953,0.9478570222854614
0.8520952463150024,2.1602561473846436
1.0394514799118042,1.0084031820297241
0.8363573551177979,1.4377326965332031
0.7291387319564819,1.5591723918914795
0.8133984804153442,0.8432919979095459
1.0490503311157227,2.0508060455322266
1.1304186582565308,1.146916389465332
0.8140436410903931,1.7653841972351074
0.9377173185348511,0.47280800342559814
1.3938707113265991,2.590341567993164
1.2547446489334106,0.9234442710876465
0.9340300559997559,2.317575454711914
1.094357967376709,0.4071345925331116
1.4547525644302368,2.591304063796997
1.3608909845352173,0.854681134223938
1.0679734945297241,1.8619986772537231
0.9382676482200623,1.3702168464660645
0.8088976740837097,0.9712026119232178
0.9021362662315369,1.9314606189727783
0.9659351706504822,1.1096692085266113
0.8403641581535339,1.1101574897766113
0.8458389043807983,2.2543232440948486
1.1563912630081177,0.8469392657279968
0.9641900062561035,2.209293842315674
0.9137970805168152,0.8688715100288391
1.0763252973556519,1.761473536491394
1.0705280303955078,0.8004629611968994
1.1501684188842773,1.4891786575317383
0.8949249982833862,1.1480724811553955
0.7821495532989502,1.6295156478881836
0.8321853876113892,1.4507019519805908
0.8516594767570496,1.2386720180511475
0.7239612936973572,1.5550236701965332
0.8027017116546631,1.151267409324646
0.8703359365463257,1.6291033029556274
0.928282618522644,1.0968196392059326
0.9901305437088013,1.9470272064208984
0.9714024066925049,1.360565423965454
0.9489530324935913,1.254942536354065
0.8397811055183411,1.571207046508789
0.8265818357467651,1.1698468923568726
0.7390477657318115,1.3058440685272217
0.8130924701690674,1.331799864768982
0.7840703725814819,1.7656434774398804
0.7585451006889343,0.8555468916893005
0.8657771944999695,1.5531915426254272
0.7426854968070984,2.0617640018463135
0.891986608505249,0.7984014749526978
0.8488630056381226,1.516977310180664
0.7959890961647034,1.7630035877227783
0.8441119194030762,1.0853664875030518
0.8499994874000549,1.9242258071899414
0.7030234336853027,1.5633269548416138
0.8097009658813477,1.0223033428192139
0.9509015679359436,2.127835750579834
0.9438868165016174,1.25067138671875
0.8019624948501587,1.218296766281128
0.8611459732055664,1.7688014507293701
0.8496726751327515,0.7455161213874817
0.8509450554847717,1.7322075366973877
0.7966493368148804,1.3983045816421509
0.7817411422729492,0.8412160277366638
0.8116427659988403,1.3954944610595703
0.7668888568878174,1.175623893737793
0.6704151034355164,1.3000197410583496
0.7468005418777466,1.7097244262695312
0.6153859496116638,1.3327995538711548
0.6819374561309814,1.2415801286697388
0.7326592206954956,1.5338906049728394
0.8190351724624634,1.2867788076400757
0.8360133171081543,1.1255872249603271
0.8223758935928345,1.8246164321899414
0.7893311381340027,1.0526833534240723
0.7899799942970276,1.8382049798965454
0.849840521812439,0.7942489385604858
0.9449865818023682,2.0372438430786133
0.8992442488670349,1.0640721321105957
0.8072531223297119,1.615990400314331
0.7539553642272949,1.338382601737976
0.8691171407699585,1.0238319635391235
0.7815412282943726,1.3662713766098022
0.9054683446884155,1.3362352848052979
0.6796150207519531,1.4725544452667236
0.7712945938110352,2.223463535308838
1.1556144952774048,0.5376397967338562
1.2411872148513794,3.4642839431762695
1.6019121408462524,0.41548025608062744
1.67279851436615,2.042664051055908
0.992560863494873,1.0627683401107788
0.8741810917854309,0.978060245513916
1.1348758935928345,1.7804265022277832
1.023353099822998,1.244009017944336
0.9721928834915161,1.4418437480926514
0.8822284936904907,1.2613396644592285
0.861075758934021,1.1134603023529053
0.8778501749038696,1.8817148208618164
0.8962417840957642,0.8807146549224854
0.9279235601425171,1.810778260231018
0.7905897498130798,1.4712132215499878
0.8080098628997803,1.2525320053100586
0.801008403301239,1.3822548389434814
0.7123315334320068,1.6571440696716309
0.7208492159843445,1.0730262994766235
0.7847829461097717,1.7636399269104004
0.810289740562439,1.1142854690551758
0.829727292060852,1.7733234167099
0.7134790420532227,1.3183096647262573
0.6984561681747437,1.112994909286499
0.8331253528594971,1.7809392213821411
0.8635387420654297,0.8553800582885742
0.9664912819862366,1.773603916168213
0.8553248643875122,1.2323594093322754
0.7913854718208313,1.2565683126449585
0.7707191705703735,1.190118432044983
0.7698879241943359,1.2217596769332886
0.8533650636672974,1.5712311267852783
0.9109811782836914,1.1994061470031738
0.7791446447372437,1.3178596496582031
0.7591744661331177,2.0914931297302246
0.9701051712036133,0.6843479871749878
0.9367743730545044,1.8490869998931885
0.9465202689170837,1.5722618103027344
0.726427435874939,1.2669910192489624
0.8859802484512329,1.3979275226593018
0.7871452569961548,1.5122196674346924
0.8017628788948059,1.160358190536499
0.9005906581878662,1.7106915712356567
0.8521628379821777,1.350182056427002
0.7692462205886841,1.3047759532928467
0.7923258543014526,1.7707130908966064
0.7877694368362427,1.32814621925354
0.8128576278686523,1.7593950033187866
0.8490566611289978,1.0057238340377808
0.8144292831420898,1.9946699142456055
0.8566649556159973,0.9318796396255493
0.8729851245880127,1.4882962703704834
0.7251712679862976,1.1525733470916748
0.8385928273200989,2.0068788528442383
0.8243198394775391,0.8928653597831726
0.9320175647735596,1.4556119441986084
0.7789608836174011,1.999799370765686
0.9152965545654297,0.7190121412277222
1.1068623065948486,2.1920881271362305
0.9468258023262024,1.0845422744750977
0.897951602935791,1.4531452655792236
0.7720401287078857,1.01528000831604
1.0141459703445435,1.8512084484100342
1.0153024196624756,0.8300740718841553
0.9578669667243958,1.807687520980835
0.7500739693641663,1.5003349781036377
0.878313422203064,1.0595163106918335
0.9099200963973999,1.4868465662002563
0.7952433228492737,1.3478835821151733
0.6661673784255981,1.4293460845947266
0.751312255859375,1.1200664043426514
0.8674397468566895,1.8134329319000244
1.0278578996658325,0.8297390341758728
1.2219990491867065,2.0048556327819824
0.996606707572937,0.6376204490661621
1.1070537567138672,2.414083957672119
1.2071748971939087,0.699950098991394
1.0676653385162354,1.6423728466033936
0.9880795478820801,1.031803011894226
0.8351233005523682,1.2654013633728027
0.8907231092453003,1.4400768280029297
0.9324252605438232,0.655265212059021
0.9907934069633484,2.210115909576416
1.1199315786361694,0.870518684387207
0.889926552772522,1.341278076171875
0.7949087619781494,1.8031678199768066
0.8788269758224487,1.0657448768615723
0.789088785648346,1.8135615587234497
0.8939114809036255,0.7364065647125244
0.8560639023780823,1.9496359825134277
1.0065150260925293,0.8772066831588745
0.8719151616096497,1.4470133781433105
0.8152990341186523,1.7258527278900146
0.9490570425987244,1.1346158981323242
0.9466310739517212,1.6762363910675049
0.8547915816307068,0.9608354568481445
0.9370760321617126,1.6478756666183472
0.7895728945732117,1.181318998336792
0.8116212487220764,1.50694739818573
0.8863274455070496,1.744495153427124
0.8328492641448975,0.8253755569458008
0.9688197374343872,1.7865370512008667
0.8226149678230286,1.3314629793167114
0.7664033770561218,1.1085950136184692
0.9178776144981384,1.8460066318511963
0.7472810745239258,0.9003868103027344
0.7019262313842773,2.2784371376037598
1.0891107320785522,0.5436967611312866
1.2235747575759888,2.050386905670166
1.1396952867507935,0.6252745389938354
1.1094701290130615,1.5515859127044678
1.0257670879364014,0.9644670486450195
0.9433053731918335,1.3046512603759766
0.8498461246490479,1.5395419597625732
0.8334523439407349,1.0657987594604492
0.8564116954803467,1.5736064910888672
0.8948954939842224,1.1331908702850342
0.8671482801437378,1.4149837493896484
0.79757159948349,1.3574655055999756
0.7926456928253174,0.9077704548835754
0.8775931596755981,1.7390410900115967
0.9758937954902649,0.7657217383384705
0.8336063027381897,1.5611369609832764
0.7436326742172241,1.4789071083068848
0.9046967029571533,0.9614102840423584
0.8957840800285339,1.6407184600830078
0.8194404244422913,0.9876585006713867
0.8373421430587769,1.8105895519256592
0.8716899156570435,1.4109941720962524
0.7240321040153503,1.4761282205581665
0.815288245677948,0.8885316252708435
0.9258751273155212,1.9476622343063354
0.939014196395874,1.269723653793335
0.6194801926612854,1.0999314785003662
0.8445565700531006,2.1066267490386963
0.9802268147468567,0.926162600517273
0.9422575831413269,1.6841087341308594
0.7996164560317993,1.657163143157959
0.8124120235443115,1.2538886070251465
0.7128486633300781,1.2505669593811035
0.8542793393135071,1.4785659313201904
0.9812419414520264,1.0776348114013672
0.7654005289077759,1.5991203784942627
0.7344739437103271,1.6218135356903076
0.8353114128112793,1.1950914859771729
0.8091845512390137,1.3351079225540161
0.7552230358123779,2.012317657470703
0.9732141494750977,0.7849466800689697
0.8333115577697754,1.428025245666504
0.8693031668663025,2.176694393157959
0.9093879461288452,0.8551660776138306
0.9070027470588684,1.5193407535552979
0.8636137843132019,1.5611029863357544
0.8589553833007812,1.110485315322876
0.9627171754837036,2.4539639949798584
1.074344515800476,0.5906649827957153
1.0251027345657349,2.504317283630371
1.0848934650421143,0.5580211877822876
1.1351248025894165,1.7329260110855103
0.888570249080658,1.4543180465698242
0.7962267398834229,1.1362853050231934
0.8002157807350159,1.8271671533584595
0.8263965845108032,1.2309062480926514
0.7291368246078491,0.7362818717956543
1.033010721206665,2.5315093994140625
0.9957124590873718,1.135528326034546
0.8101728558540344,1.3420817852020264
0.7682175636291504,1.83742094039917
1.0169239044189453,0.7002073526382446
1.0890865325927734,1.9264953136444092
1.0807145833969116,1.2803502082824707
0.8752304315567017,1.0354812145233154
0.8350609540939331,1.6489262580871582
0.9627997875213623,0.8069717884063721
0.9346925020217896,1.7815191745758057
0.8086860179901123,1.5090357065200806
0.7078838348388672,1.1602710485458374
0.9628509879112244,2.803999900817871
1.3047003746032715,0.6922553777694702
0.8982821702957153,1.8562111854553223
0.7850198149681091,1.3683850765228271
0.8713807463645935,1.6701679229736328
0.8866082429885864,1.0643030405044556
0.9779048562049866,1.4235650300979614
0.8109985589981079,1.108640432357788
0.8350387215614319,1.6502509117126465
0.8951088190078735,1.359277367591858
0.8564924597740173,1.1760441064834595
0.8376990556716919,1.0632359981536865
0.8523618578910828,1.9917137622833252
0.9388297200202942,1.351207971572876
0.7761929035186768,1.5514137744903564
0.81228107213974,1.1421594619750977
0.976279616355896,1.5298980474472046
0.8161828517913818,1.4337618350982666
0.8564786911010742,1.1651219129562378
0.7915571928024292,1.4264631271362305
0.8125085830688477,1.3902883529663086
0.8349307775497437,2.0516605377197266
0.9523440003395081,0.9774416089057922
0.7104119658470154,1.2282452583312988
0.7860736846923828,2.02046799659729
1.0601657629013062,0.6904325485229492
1.0179718732833862,2.4696640968322754
1.289019227027893,0.5010110139846802
1.450422763824463,1.9702482223510742
1.1032381057739258,1.2654950618743896
0.8913040161132812,1.3023715019226074
0.8141491413116455,1.5272839069366455
0.8606642484664917,1.1458510160446167
0.6583719253540039,1.4887714385986328
0.8639659881591797,1.464106798171997
0.9536682367324829,1.251511812210083
0.7816724181175232,1.1400636434555054
0.7312525510787964,1.514370083808899
0.7759348154067993,1.0684486627578735
0.8483761548995972,1.5970852375030518
0.7595277428627014,1.5303473472595215
0.76666259765625,1.0629347562789917
0.9166019558906555,2.237725257873535
0.9825568795204163,0.7958126068115234
1.1783276796340942,2.2785849571228027
0.9530599117279053,1.3370968103408813
0.7240353226661682,0.8835678696632385
0.8066530227661133,1.2192251682281494
0.7979706525802612,1.2898585796356201
0.7692108750343323,1.3317005634307861
0.6966068148612976,1.5425925254821777
0.8867785334587097,1.0837236642837524
0.8059888482093811,1.364906907081604
0.8481296300888062,1.276400089263916
0.8204611539840698,1.2470440864562988
0.7228938341140747,1.302995204925537
0.947819173336029,1.6007494926452637
0.7306073904037476,0.968305230140686
0.8073756098747253,1.5536491870880127
0.922348141670227,1.094109058380127
0.7894501686096191,1.227773904800415
0.7622787356376648,1.279266119003296
0.7647680640220642,1.1976304054260254
0.740536093711853,1.2901512384414673
0.7128221988677979,1.412217378616333
0.8298052549362183,0.9264073371887207
0.9977406859397888,1.8111395835876465
0.990504801273346,0.857158899307251
0.9738609194755554,1.9905612468719482
0.8960502743721008,1.1667075157165527
0.8495148420333862,1.172637701034546
0.7188186645507812,1.730407476425171
0.9138658046722412,1.143691897392273
0.8700864315032959,2.0522005558013916
0.9202960729598999,0.8810677528381348
0.9032094478607178,1.624391794204712
0.8405613303184509,1.7376275062561035
0.8475364446640015,1.2040770053863525
0.9177360534667969,1.4868197441101074
0.6675640344619751,1.6748900413513184
0.7861294150352478,1.1437054872512817
0.7733579874038696,1.3828401565551758
0.7490247488021851,1.6532549858093262
0.8652780652046204,0.9100927114486694
0.9507389664649963,2.4507856369018555
1.0005266666412354,1.097630500793457
0.9079501032829285,1.7848625183105469
0.8352111577987671,1.3559116125106812
0.7470375895500183,1.3035180568695068
0.7576882839202881,1.14775550365448
0.7666693925857544,1.5731687545776367
0.7090210914611816,1.1417253017425537
0.709406316280365,1.4139511585235596
0.7471050024032593,1.4619991779327393
0.7624761462211609,1.4574981927871704
0.7824012637138367,1.436315655708313
0.8088464140892029,1.5116714239120483
0.8153444528579712,1.3238551616668701
0.7588614225387573,1.0625038146972656
0.8590332269668579,2.279980182647705
1.0381499528884888,0.6544618606567383
0.9685158729553223,1.7403590679168701
0.9538642764091492,0.9284646511077881
0.7457953095436096,1.706202745437622
0.7769699096679688,1.071048617362976
0.8509336113929749,1.9829902648925781
0.9212920069694519,0.8356029987335205
0.9863520860671997,1.8527177572250366
0.8918254375457764,1.4276304244995117
0.7840832471847534,1.0495185852050781
0.8581393957138062,2.0333495140075684
0.9928718209266663,0.7777365446090698
0.9770483374595642,1.8330235481262207
0.777332067489624,1.4157688617706299
0.7643804550170898,0.9392338991165161
0.9772372841835022,1.9771170616149902
1.1759892702102661,0.9235109090805054
0.9678882360458374,2.2927494049072266
1.140553593635559,0.3825172185897827
1.6800220012664795,2.1913094520568848
1.2364064455032349,0.9237130880355835
1.0188360214233398,1.7004120349884033
0.9807819724082947,1.146683692932129
0.9757890701293945,1.144286870956421
0.8415837287902832,1.757351040840149
0.9588239192962646,1.6368682384490967
0.9136545062065125,0.905628502368927
0.9832581281661987,1.8153424263000488
0.9461843967437744,0.9917041063308716
0.8998755216598511,1.4332274198532104
0.780011773109436,1.6464005708694458
0.7915385961532593,1.1100413799285889
0.7702556848526001,1.62845778465271
0.8645175099372864,1.4380857944488525
0.7032381892204285,1.3771592378616333
0.6703541278839111,1.4257688522338867
0.7211878299713135,0.915562093257904
0.7376267910003662,2.0103883743286133
0.9993732571601868,0.7228890657424927
1.089774250984192,2.002880573272705
0.8680494427680969,1.1324225664138794
0.9744157195091248,1.6305031776428223
0.9133179783821106,1.090174913406372
0.8675429821014404,1.4842698574066162
0.8333743810653687,1.5610015392303467
0.8447137475013733,1.5877645015716553
0.8712244629859924,1.408254623413086
0.7812974452972412,1.2633922100067139
0.8324506282806396,1.5576763153076172
0.9098961353302002,1.001853346824646
0.8821654319763184,1.302507996559143
0.8404127359390259,1.9276673793792725
0.9243188500404358,1.0550544261932373
0.8768887519836426,1.7653722763061523
0.8216145038604736,1.300883412361145
0.7142393589019775,1.469976782798767
0.7531592845916748,1.4707612991333008
0.7297772169113159,0.9850237369537354
0.8319292068481445,2.146697759628296
0.9214507341384888,1.0585055351257324
0.8043422698974609,1.7635141611099243
0.8342595100402832,0.9886664152145386
0.8460928201675415,1.220436453819275
0.9781478047370911,1.1769208908081055
0.7477455139160156,1.7851831912994385
0.6561551094055176,0.7386698722839355
0.998495876789093,2.250648021697998
1.127539038658142,0.8527327179908752
0.965813159942627,1.9383342266082764
1.0490213632583618,0.6206121444702148
1.0976108312606812,1.9665122032165527
1.0406506061553955,1.2881348133087158
0.9199960827827454,1.0126254558563232
0.9251329898834229,1.48494553565979
0.7683166861534119,1.5179920196533203
0.7451125383377075,1.4544316530227661
0.9221738576889038,1.3544955253601074
0.7769080400466919,1.3314274549484253
0.8618141412734985,1.6966391801834106
0.6925106048583984,1.0669338703155518
0.7683331966400146,1.6335835456848145
0.8185428380966187,0.729366660118103
0.8856974840164185,1.6419212818145752
0.9294424653053284,0.7501354217529297
0.8395026326179504,1.5547535419464111
0.845750629901886,1.424710988998413
0.8358116149902344,0.9585475921630859
0.8522771596908569,2.6785638332366943
1.3975861072540283,0.4068768620491028
1.5248377323150635,3.2743306159973145
1.7427376508712769,0.9083024263381958
1.0374397039413452,1.2165930271148682
0.8530076742172241,2.138396739959717
1.0302643775939941,0.6907318234443665
1.272484540939331,1.4026312828063965
1.207893967628479,1.0618274211883545
1.1223872900009155,1.119797945022583
0.9771677851676941,1.2553108930587769
0.879231333732605,0.889454185962677
0.8891165256500244,1.7563958168029785
0.8784245848655701,1.1757525205612183
0.9872374534606934,0.9810926914215088
1.0231807231903076,1.4336535930633545
0.8747801780700684,1.119178295135498
0.8281254172325134,1.3164572715759277
0.9112750291824341,1.3680188655853271
0.8606471419334412,1.051182746887207
0.8173075318336487,1.231804370880127
0.8598948121070862,1.2316607236862183
0.9525830149650574,1.0528236627578735
0.878199577331543,1.3416259288787842
0.96922367811203,1.8196213245391846
0.9658651947975159,0.573634147644043
1.1753032207489014,2.13619327545166
1.0250333547592163,0.8176087141036987
0.9082115888595581,1.2745656967163086
0.8645764589309692,1.0712320804595947
0.7190948724746704,1.3058278560638428
0.9776314496994019,1.4835691452026367
0.8655098080635071,1.0072036981582642
0.9369460940361023,1.078687310218811
0.8890727758407593,1.7234182357788086
0.7989017963409424,1.1315603256225586
0.7561297416687012,1.4970743656158447
0.8333969116210938,1.162703275680542
0.835857629776001,1.1632003784179688
0.8879021406173706,1.83473539352417
0.9344847798347473,0.9953912496566772
0.8390233516693115,1.711422085762024
0.8930422067642212,0.978405773639679
0.6581346988677979,1.2748298645019531
0.896734893321991,1.7872861623764038
1.0287504196166992,0.43850743770599365
1.158966302871704,1.853491187095642
0.9195947647094727,1.3593829870224
0.7129111289978027,1.3686144351959229
0.7651333808898926,1.450873851776123
0.8734704256057739,1.4665491580963135
0.83011394739151,1.06187105178833
0.8551565408706665,1.4938843250274658
0.7883851528167725,1.8313347101211548
0.9344126582145691,1.197841763496399
0.88019859790802,1.4773513078689575
0.7064664363861084,1.0674062967300415
0.9230612516403198,0.9614774584770203
0.9636863470077515,2.130387306213379
0.9725298881530762,0.7409693598747253
0.9857684373855591,1.4038338661193848
0.8718518018722534,1.3766467571258545
0.7029411196708679,1.4755914211273193
0.9099974632263184,2.1892762184143066
0.9810703992843628,0.9673295021057129
0.7581517696380615,1.1418771743774414
0.8870565891265869,1.346043586730957
0.7553261518478394,1.1721241474151611
0.7721256017684937,1.5392789840698242
0.7618244886398315,1.2091575860977173
0.7904553413391113,1.1489933729171753
0.7265917062759399,1.1722644567489624
0.7513065934181213,1.247624158859253
0.8723527193069458,1.7653639316558838
0.8704279661178589,0.8653700351715088
0.8161572217941284,1.3726783990859985
0.7427419424057007,1.3297133445739746
0.8704274892807007,1.0782233476638794
0.7984592914581299,1.6682629585266113
0.8274272084236145,0.7048965692520142
1.0828185081481934,2.236245632171631
0.9622713327407837,0.9593181610107422
0.825045108795166,1.0529189109802246
0.8480959534645081,2.364351987838745
1.2483611106872559,0.7522252798080444
1.0516488552093506,1.399035930633545
0.9082238674163818,1.9333953857421875
1.081809639930725,0.6455699801445007
0.9200978875160217,1.5084598064422607
0.7539212107658386,1.8662712574005127
0.9197713732719421,1.0812149047851562
0.7259546518325806,1.1710853576660156
0.8610807061195374,1.815122365951538
0.8943140506744385,1.081176996231079
0.820954442024231,1.0669879913330078
0.8171516060829163,1.5412105321884155
0.8690614104270935,1.1934406757354736
0.7508680820465088,1.7312424182891846
0.7819141745567322,1.1406217813491821
0.8181352615356445,2.014735698699951
0.9492393732070923,0.6234968304634094
1.0686500072479248,2.417175054550171
1.2796276807785034,0.7373518943786621
0.9494447708129883,1.4366871118545532
0.6671931743621826,1.5689141750335693
0.7835918664932251,1.2474197149276733
0.7631611824035645,1.0659356117248535
0.661904513835907,1.738994836807251
0.8397341370582581,1.1365776062011719
0.8261568546295166,1.5398473739624023
0.7743051052093506,1.1843748092651367
0.9240559935569763,1.7637064456939697
0.7570372223854065,1.1197385787963867
0.8778413534164429,1.4207894802093506
0.8307147026062012,1.516493558883667
0.7816118001937866,0.9758535623550415
0.8564218282699585,1.5655245780944824
0.6927350163459778,1.3436098098754883
0.6245047450065613,1.5586975812911987
1.105696201324463,0.6946052312850952
0.9308607578277588,2.4546399116516113
1.0083003044128418,1.1305135488510132
0.8062971830368042,2.068190097808838
0.8072763681411743,1.319366455078125
0.8393287658691406,1.3861865997314453
0.7123353481292725,1.3247829675674438
0.8389084935188293,2.070209503173828
0.7019234895706177,1.175026774406433
0.741859495639801,2.0335705280303955
1.0175942182540894,0.9219058156013489
0.7391703128814697,2.3233227729797363
0.8538174033164978,0.9415601491928101
0.8082467317581177,1.6383030414581299
0.9611765742301941,1.160792589187622
0.9044758081436157,1.6514626741409302
0.7422339916229248,1.5483686923980713
0.6913362741470337,1.6568381786346436
0.810703456401825,1.3278841972351074
0.8372876048088074,1.4882501363754272
0.7527542114257812,1.1185238361358643
0.7916122078895569,1.812083125114441
0.8136671185493469,0.9847630262374878
0.8882502317428589,1.7705612182617188
0.880944013595581,0.9023393392562866
0.9418894052505493,1.6577423810958862
0.8550801277160645,1.4281399250030518
0.8338587284088135,1.290677547454834
0.8765345215797424,1.620967149734497
0.8775234222412109,1.2031021118164062
0.7527432441711426,1.8223974704742432
0.8221601247787476,1.1169302463531494
1.1000182628631592,2.1727845668792725
0.9229640960693359,0.8331617116928101
1.1284700632095337,2.088987350463867
1.0036853551864624,1.1361908912658691
0.9303367137908936,1.6105960607528687
0.8842468857765198,1.146622896194458
0.977271318435669,1.8248629570007324
0.772863507270813,1.2695915699005127
0.7253023386001587,1.5697579383850098
0.8851590156555176,1.1493480205535889
0.8655616044998169,1.2942118644714355
0.7257505059242249,1.37520170211792
0.809222400188446,1.682997226715088
0.8096342086791992,0.9515807032585144
0.8596898913383484,1.9649438858032227
0.8904677629470825,0.6834984421730042
0.9364068508148193,1.820000171661377
0.745197057723999,1.4874238967895508
0.8470459580421448,0.9486225843429565
0.6993364095687866,1.3268985748291016
0.7646823525428772,1.2519783973693848
0.961158037185669,0.7912907600402832
0.9892363548278809,2.927849769592285
1.6803613901138306,0.514397382736206
1.1347848176956177,3.199720621109009
1.7396436929702759,0.3782109022140503
1.6920626163482666,1.875429391860962
1.1046065092086792,1.1213905811309814
0.9368551969528198,0.9442381858825684
0.9311805367469788,1.6719725131988525
1.1386113166809082,1.0885047912597656
1.0020534992218018,1.0452936887741089
1.0274170637130737,1.5360966920852661
1.0908594131469727,0.9773538112640381
1.159385323524475,1.4338505268096924
0.9075422883033752,1.3862687349319458
1.025787115097046,1.2712421417236328
0.8654106259346008,1.2924103736877441
0.9330965280532837,1.275634765625
0.9623996615409851,1.2441426515579224
0.9619174599647522,1.169980764389038
0.8265871405601501,1.3651859760284424
0.9912770390510559,0.9463802576065063
0.8925455212593079,1.9356259107589722
0.9266266822814941,0.9035219550132751
0.9138776063919067,1.2255313396453857
0.8419163823127747,1.3301756381988525
0.8242111206054688,0.9506080150604248
0.8952198028564453,1.8623183965682983
0.9563072919845581,1.7185063362121582
0.8679203391075134,0.7461175322532654
1.0760914087295532,1.839552879333496
0.8790918588638306,1.2980514764785767
0.8245019316673279,1.0427430868148804
0.977834939956665,1.6150697469711304
0.9121615290641785,1.2140647172927856
0.8749522566795349,1.4294726848602295
0.8624669313430786,1.7606499195098877
0.8869442343711853,1.0579204559326172
0.9616380929946899,1.54414963722229
0.8737236261367798,0.8721662759780884
0.9318209290504456,1.7119026184082031
0.8989800214767456,1.0449851751327515
0.8514127731323242,1.4304789304733276
0.7655885219573975,1.106966495513916
0.8015568256378174,1.2236769199371338
0.8080760836601257,1.786421298980713
0.9476969242095947,0.8949605226516724
0.8521743416786194,1.305962085723877
0.8305925130844116,1.2641018629074097
0.7780664563179016,1.032320499420166
0.969008207321167,1.4643195867538452
0.861713707447052,1.186151146888733
0.8170732259750366,1.2684376239776611
0.7264900207519531,1.3786044120788574
0.7802934646606445,1.053234338760376
0.8038347959518433,1.5394518375396729
0.8599169254302979,0.8968515396118164
0.8310105800628662,1.7620279788970947
0.7643417716026306,1.5512816905975342
0.6917376518249512,1.367556095123291
0.7439143657684326,1.2317159175872803
0.9122276306152344,1.4113754034042358
0.8043548464775085,1.2278673648834229
0.8577958345413208,1.4384758472442627
0.6933474540710449,2.048478603363037
1.0760910511016846,0.4795336127281189
1.0014128684997559,2.4907419681549072
1.2055155038833618,0.7652647495269775
1.021273136138916,1.579908847808838
0.8838294744491577,1.6135499477386475
0.9494408965110779,0.9652129411697388
0.9187678694725037,1.665252923965454
0.8244020938873291,1.34360671043396
0.88106369972229,1.2631924152374268
0.9248875379562378,1.4976589679718018
0.879279613494873,1.2748849391937256
0.7973170280456543,1.4171278476715088
0.8013455867767334,1.4575409889221191
0.7757394313812256,0.7392049431800842
0.9803400039672852,2.019573211669922
0.9718285799026489,0.9683144092559814
0.9554409980773926,1.6322474479675293
0.8319832682609558,1.6066322326660156
0.8898081183433533,0.9488085508346558
0.7716166973114014,1.5686520338058472
0.888131856918335,2.00374174118042
0.9652160406112671,0.9707784652709961
0.9293017387390137,1.4124572277069092
0.7413413524627686,1.5853278636932373
0.7830673456192017,0.9691221714019775
0.8420326709747314,2.227522373199463
0.9485017657279968,0.7925500273704529
1.0442513227462769,1.872049331665039
0.8562601208686829,1.4621729850769043
0.8092501759529114,1.1637530326843262
0.8891950845718384,1.5351035594940186
0.7640423774719238,1.3430424928665161
0.8310794234275818,1.1173627376556396
0.7168558835983276,1.82045578956604
0.8966410160064697,1.2121797800064087
0.6757268905639648,1.4541186094284058
0.8636325597763062,1.897411823272705
0.8092511892318726,1.2047910690307617
0.8617336750030518,1.960919976234436
0.7623370885848999,1.0855953693389893
0.8397712707519531,1.651928424835205
0.7598086595535278,1.756162405014038
0.6959967613220215,0.9553965330123901
0.7683274745941162,1.354557752609253
0.8406150937080383,1.3954460620880127
0.7007445096969604,1.0660289525985718
0.8821380138397217,1.783534288406372
0.7317178249359131,1.249114751815796
0.8395853638648987,1.6839882135391235
1.0084137916564941,1.875801682472229
0.9097777605056763,0.9859726428985596
0.9049041271209717,1.5545401573181152
0.9549986124038696,1.5206557512283325
0.9142037630081177,1.3370170593261719
0.866823673248291,1.1420409679412842
0.8953457474708557,1.7775146961212158
0.7236367464065552,1.1402902603149414
0.723923921585083,1.413892388343811
0.8223649263381958,1.3429447412490845
0.7927330136299133,1.1846400499343872
0.7788575887680054,1.3401224613189697
0.8785707950592041,1.0745422840118408
0.8976622819900513,2.339012384414673
0.929822564125061,0.5804692506790161
1.0074279308319092,2.4121012687683105
1.0203202962875366,0.9164249897003174
0.7890633344650269,1.6844758987426758
0.9864628314971924,1.199702262878418
0.7457170486450195,1.4370522499084473
0.8274745941162109,1.5333861112594604
0.816570520401001,1.6887969970703125
0.867802619934082,0.8234764337539673
0.9729831218719482,2.530729293823242
0.9741744995117188,0.7349340915679932
0.8639602065086365,1.5844461917877197
0.8636351823806763,1.5553361177444458
0.7344127893447876,1.082613468170166
0.748504638671875,1.4933640956878662
0.7033960819244385,1.154738426208496
0.7412177324295044,2.0159568786621094
0.7955568432807922,0.790346622467041
1.0366301536560059,2.2957541942596436
1.1146661043167114,0.765323281288147
1.0053590536117554,1.5981698036193848
0.8499865531921387,1.5844180583953857
0.741004467010498,0.8534543514251709
0.771144449710846,1.7889329195022583
0.7542505264282227,1.0458226203918457
0.7649196982383728,1.4869248867034912
0.7255828380584717,1.7543933391571045
0.8342239856719971,0.9206829071044922
0.9888474345207214,2.3345565795898438
1.0225162506103516,0.7791539430618286
1.1016710996627808,1.9052565097808838
0.8656550645828247,1.155510425567627
0.7344726324081421,1.1041665077209473
0.7593021392822266,1.3424657583236694
0.8508689403533936,1.3915741443634033
0.8371281623840332,1.2303863763809204
0.8323498964309692,1.7122831344604492
0.9355103373527527,0.8422528505325317
0.8982374668121338,1.9086143970489502
0.9132616519927979,1.576055884361267
0.7816228866577148,1.2059581279754639
0.7678384780883789,1.9826455116271973
0.8538426160812378,0.985507607460022
0.7554059624671936,1.5196808576583862
0.8534246683120728,1.4040172100067139
0.7616089582443237,1.7402647733688354
0.7805501818656921,1.48106050491333
0.9099454283714294,1.8650398254394531
0.8704074621200562,1.1265655755996704
0.8138043880462646,1.4703775644302368
0.7748476266860962,1.573944091796875
0.8200845718383789,1.6580259799957275
0.7962894439697266,1.3761341571807861
0.7073589563369751,1.488051176071167
0.8510221242904663,1.2193419933319092
0.7238948941230774,1.580381989479065
0.8555617332458496,0.7071968913078308
0.8079984784126282,1.408717393875122
0.8098111152648926,1.2549132108688354
0.746995210647583,1.5843453407287598
0.7772669792175293,1.4002705812454224
0.828526496887207,0.7998813390731812
0.9436205625534058,1.9074304103851318
0.7599639892578125,1.5926740169525146
0.7199740409851074,0.881666362285614
0.745958149433136,1.542906403541565
0.7745646834373474,1.2731621265411377
0.9780462980270386,1.312249779701233
0.6617345809936523,1.2468757629394531
0.8058075904846191,1.3362524509429932
0.8487081527709961,1.2454323768615723
0.8392826318740845,2.3082141876220703
0.849000871181488,0.6992064118385315
0.9074816703796387,2.4503443241119385
1.065778374671936,0.6519902944564819
0.9469643235206604,2.072247266769409
0.9755257964134216,0.5489187240600586
1.2776942253112793,2.604585647583008
1.2363941669464111,0.8935270309448242
1.1750907897949219,1.6360836029052734
0.9858850240707397,0.9166767001152039
0.9467897415161133,1.6761484146118164
0.7775075435638428,0.8994806408882141
0.9336948394775391,2.5951778888702393
1.2154263257980347,0.6851264238357544
1.0434229373931885,1.8742809295654297
0.8218554258346558,1.2146315574645996
0.7639600038528442,1.0923964977264404
0.7942423820495605,1.2683255672454834
0.9143365025520325,1.3379418849945068
0.8297053575515747,1.4241178035736084
0.9447818994522095,1.0582647323608398
0.7916828393936157,1.3107962608337402
0.7605777382850647,1.268815040588379
0.782652735710144,1.4909298419952393
0.7870753407478333,2.012483596801758
0.8735227584838867,0.8404466509819031
0.9023106098175049,1.9634202718734741
1.0196387767791748,1.1750802993774414
0.7258806228637695,1.0467150211334229
0.9378509521484375,2.147495985031128
0.8845001459121704,1.3891478776931763
0.86127769947052,1.5264158248901367
0.7050529718399048,1.7714248895645142
0.7410368323326111,1.4299752712249756
0.8191057443618774,1.3309268951416016
0.7934473156929016,1.3605234622955322
0.7537638545036316,1.5077054500579834
0.8968652486801147,1.2680225372314453
0.8493533730506897,1.53270423412323
0.8565783500671387,1.1302789449691772
0.7462979555130005,2.1816978454589844
1.1658185720443726,0.5519624948501587
1.1761459112167358,2.922879219055176
1.2269065380096436,0.702864408493042
1.146031379699707,1.7193994522094727
1.0756361484527588,0.9055626392364502
0.9351383447647095,1.5897021293640137
0.9576835036277771,1.2220962047576904
0.9312506318092346,1.2561252117156982
0.8590003848075867,1.8188480138778687
0.8483226299285889,1.0498130321502686
1.0405447483062744,1.6392784118652344
0.7678407430648804,1.177963376045227
0.8681827187538147,1.273710012435913
0.8214015364646912,1.1500582695007324
0.8654876947402954,1.6172943115234375
0.7795776724815369,1.1452240943908691
0.8195343017578125,1.4627362489700317
0.6418811082839966,0.940733790397644
0.9132719039916992,1.3200924396514893
0.6356277465820312,1.2812494039535522
0.6470295190811157,1.645582675933838
0.9105199575424194,1.2408450841903687
0.7210280299186707,2.0350089073181152
1.0185900926589966,0.8660619854927063
0.8803723454475403,1.437101125717163
0.6988837718963623,1.6527400016784668
0.7568992972373962,1.217811942100525
0.915132999420166,1.7925794124603271
0.8970423936843872,1.5848571062088013
0.7411093711853027,0.952366828918457
0.8476005792617798,2.5707650184631348
1.2283861637115479,0.47499728202819824
1.3896347284317017,3.0714597702026367
1.5218079090118408,0.4529266953468323
1.4312598705291748,1.900732159614563
1.0635695457458496,1.4103257656097412
0.9914793968200684,1.0669608116149902
0.9268572330474854,1.2542167901992798
0.9732303619384766,1.3113961219787598
0.8442245125770569,1.1510329246520996
0.8274177312850952,1.5446211099624634
0.6983605623245239,1.3251163959503174
0.7624503374099731,0.8771271109580994
0.8535011410713196,1.5130317211151123
0.7227258682250977,1.1031585931777954
0.880486011505127,1.391319990158081
0.8159099817276001,1.0817594528198242
0.6392056941986084,1.4273152351379395
0.8655943870544434,0.8835711479187012
0.8456604480743408,1.7500782012939453
0.9497528672218323,0.9092282056808472
0.7123009562492371,1.2955994606018066
0.8270720839500427,1.2023754119873047
0.7862159013748169,1.8254659175872803
0.7616444230079651,1.441253423690796
0.8511492013931274,1.2741868495941162
0.7192056179046631,1.6433883905410767
0.8208936452865601,1.7519023418426514
0.7129260897636414,0.7623506784439087
0.9149623513221741,2.2379088401794434
0.9489301443099976,1.0469989776611328
1.0170482397079468,2.23940372467041
1.0769275426864624,1.014251947402954
0.7711876630783081,1.280806064605713
0.8663458228111267,1.4763407707214355
0.8722779750823975,1.491471290588379
0.8608869314193726,0.9555076360702515
0.9779892563819885,2.1045939922332764
0.8284049034118652,1.1861393451690674
0.9252979755401611,1.77457594871521
0.8130711317062378,1.083608865737915
0.8806552886962891,1.2988121509552002
0.7859989404678345,1.1949965953826904
0.775991678237915,1.3478138446807861
0.8603619337081909,1.7446507215499878
0.6796500086784363,1.2797142267227173
0.841894805431366,1.1476519107818604
0.8677743673324585,2.073913812637329
0.8466015458106995,1.3408362865447998
0.8252134323120117,1.0746474266052246
0.9580141305923462,2.199862241744995
0.9485329985618591,0.9278061389923096
0.8790817856788635,1.4431174993515015
0.8645793199539185,1.7533342838287354
0.7558181285858154,0.9983823895454407
0.8937211036682129,1.868126392364502
0.8572812080383301,1.2374848127365112
0.7357457876205444,1.90797758102417
0.8085950613021851,1.10917067527771
0.7732258439064026,1.5908989906311035
0.8105227947235107,1.651296615600586
0.7785599231719971,1.2164032459259033
0.8735274076461792,1.952777624130249
0.8374474048614502,0.9093180298805237
0.9486386179924011,1.5849571228027344
0.8399460911750793,1.0462141036987305
0.8792692422866821,1.3190913200378418
0.8718826770782471,1.9185066223144531
0.9769683480262756,0.7024872303009033
0.9769536256790161,1.936070442199707
0.7926453351974487,1.545544981956482
0.6658365726470947,1.2903881072998047
0.7620282173156738,1.9036552906036377
0.7500432133674622,1.3413798809051514
0.8070805668830872,1.201333999633789
0.7241928577423096,1.4368425607681274
0.6120727062225342,1.3432735204696655
0.7774360775947571,0.9397203922271729
0.8028837442398071,1.5422077178955078
0.7467048168182373,1.1163856983184814
0.7027888298034668,1.6480696201324463
0.7918736934661865,0.635556697845459
1.1565067768096924,2.698359727859497
1.2791848182678223,0.9851743578910828
0.9474954605102539,1.294180154800415
0.8551708459854126,1.6280665397644043
0.8494786024093628,1.330133080482483
0.7259334325790405,1.7436801195144653
0.7356307506561279,1.3571648597717285
0.7636653184890747,0.9566484689712524
0.8997374773025513,1.9196218252182007
0.8265565633773804,1.142153263092041
0.7200065851211548,1.5409679412841797
0.7817436456680298,1.1643013954162598
0.6894521117210388,1.473539113998413
0.9243919849395752,1.2500702142715454
0.799443781375885,1.2857526540756226
0.6805989742279053,1.906071662902832
0.9224192500114441,1.510345220565796
0.6994781494140625,1.400604248046875
0.7589993476867676,1.1811943054199219
0.9160781502723694,1.5501376390457153
0.7797045707702637,1.2223602533340454
0.8264444470405579,2.0920300483703613
0.824852466583252,0.7534277439117432
0.8354424834251404,1.8730525970458984
0.8773411512374878,1.076840877532959
0.8265374898910522,1.9944169521331787
0.7978160977363586,0.8613841533660889
0.8263332843780518,1.8310744762420654
0.8554497361183167,1.14963960647583
0.9721325039863586,1.8479335308074951
0.7741353511810303,1.4786765575408936
0.8666607141494751,1.4672387838363647
0.6108323335647583,1.2889575958251953
0.7633569240570068,1.6117668151855469
0.6695809364318848,1.216794490814209
0.9294705390930176,2.4220237731933594
0.9441783428192139,0.8431192636489868
0.947131872177124,2.0986104011535645
0.8617409467697144,1.507761001586914
0.81589275598526,1.0840126276016235
0.8741523027420044,1.8392713069915771
0.8535938262939453,1.208345890045166
0.8403419852256775,1.2093716859817505
0.6405589580535889,1.870627999305725
0.7399124503135681,1.0325199365615845
0.7858924865722656,1.9216108322143555
0.7415489554405212,1.391563892364502
0.8540604114532471,0.946609616279602
0.900891900062561,1.9591224193572998
0.9107934832572937,1.4405403137207031
0.7911970019340515,1.508101224899292
0.7944434285163879,1.2415986061096191
0.807547926902771,1.7900562286376953
0.7968246936798096,1.2811428308486938
0.8143305778503418,1.7447491884231567
0.8534055948257446,0.9400335550308228
0.8916612267494202,1.6018842458724976
0.9423051476478577,1.15427565574646
0.8355932235717773,2.001147508621216
0.8417980670928955,1.2656338214874268
0.728063702583313,1.582613229751587
0.7859151363372803,1.9073272943496704
0.8148971199989319,0.7135409712791443
0.9434152245521545,2.0918872356414795
0.9076243042945862,0.8429986238479614
0.7500786185264587,1.5112390518188477
0.8636031150817871,1.272127389907837
0.8792682886123657,1.4863028526306152
0.8488218784332275,1.5180999040603638
0.7521457076072693,1.6730866432189941
0.8523846864700317,1.6293206214904785
0.8779635429382324,1.3355377912521362
0.963424801826477,1.6072049140930176
0.8222758769989014,1.0458447933197021
0.7029863595962524,1.7992026805877686
0.7689486742019653,0.8555728197097778
1.124975562095642,2.4673547744750977
1.095773458480835,1.400019884109497
0.7697974443435669,1.3164151906967163
0.7273619174957275,1.421744465827942
0.868730902671814,1.4133120775222778
0.7845072746276855,0.9796395301818848
0.9679380655288696,2.0288023948669434
0.8518774509429932,1.1151167154312134
0.7458884716033936,1.500292420387268
0.7889710068702698,1.663912296295166
0.8554736375808716,0.9126015305519104
0.8573169708251953,2.448441743850708
1.072251796722412,0.7253637313842773
0.8562804460525513,2.313793659210205
1.1594182252883911,0.7486348152160645
1.069164514541626,1.9993808269500732
0.8287150263786316,1.614027976989746
0.8519054651260376,0.9993748068809509
0.8078239560127258,2.2174530029296875
1.0726723670959473,0.7233033776283264
1.1712687015533447,1.9206688404083252
1.0817205905914307,0.9173752069473267
0.9836851358413696,1.7332844734191895
0.7229186296463013,1.8417774438858032
0.8924350738525391,0.7186839580535889
1.0267407894134521,1.918158769607544
0.7856153249740601,1.827597737312317
0.9754856824874878,0.771988034248352
1.0290426015853882,1.8001055717468262
0.9968134164810181,1.1118817329406738
0.7534643411636353,1.8261175155639648
0.6499131917953491,1.5622155666351318
0.7737560272216797,1.4778066873550415
0.8551384210586548,1.6458566188812256
0.7614632844924927,1.5249828100204468
0.7166615724563599,1.7742934226989746
0.654901921749115,1.528043508529663
0.7978772521018982,1.18618643283844
0.9564623832702637,2.1871228218078613
0.9169784784317017,1.0350914001464844
0.996410608291626,1.8157646656036377
0.7866450548171997,1.3657145500183105
0.770332932472229,1.4286136627197266
0.8201788067817688,1.487767219543457
0.7557233572006226,1.546319842338562
0.6973344087600708,1.2432737350463867
0.7207554578781128,1.522365689277649
0.9218077659606934,1.9182548522949219
0.964137852191925,0.8439648747444153
0.9867485761642456,1.935833215713501
0.7856512665748596,0.9752358198165894
0.8036198019981384,1.5885651111602783
0.7839141488075256,1.2048594951629639
0.8916781544685364,1.950000286102295
0.8644403219223022,1.453636646270752
0.7684961557388306,1.4800957441329956
0.7442753314971924,1.683830738067627
0.80607670545578,0.9265389442443848
0.7687401175498962,1.8721346855163574
0.864307701587677,0.6916331052780151
0.8007336854934692,1.8946985006332397
0.7518912553787231,0.8517417907714844
0.862576961517334,2.3033478260040283
0.794692873954773,1.3355579376220703
0.6922935247421265,1.4642891883850098
0.8393241167068481,1.3732620477676392
0.8412929773330688,1.324006199836731
0.79350745677948,1.9672307968139648
0.8458436727523804,0.8077073097229004
0.8738207817077637,1.8272649049758911
0.7227654457092285,1.6347752809524536
0.7659092545509338,1.731207251548767
0.8375520706176758,1.594193696975708
0.6940658092498779,1.6975644826889038
0.7414939403533936,0.9031664133071899
0.8809962272644043,2.6071505546569824
1.1848019361495972,0.9029800891876221
0.8911057710647583,1.8456838130950928
0.8997762203216553,1.288992166519165
0.8999046683311462,1.2843329906463623
0.8441532850265503,2.254009962081909
0.9169542193412781,0.8392736911773682
0.7851510643959045,1.8885798454284668
0.8116979598999023,1.3225486278533936
0.7885341644287109,1.2652422189712524
0.8181204795837402,2.272469997406006
0.8283690214157104,0.8562401533126831
0.8442989587783813,1.582751989364624
0.8951572179794312,1.9516806602478027
0.9090611934661865,0.846261203289032
0.7750563025474548,1.853131651878357
0.7927834987640381,1.4185361862182617
0.7037683129310608,1.138468623161316
0.7641124725341797,1.5915495157241821
0.6645904183387756,1.69650137424469
0.876348614692688,1.329763650894165
0.7578433156013489,1.2938591241836548
0.7330206632614136,1.8007642030715942
0.7073523998260498,1.0544352531433105
0.8234286308288574,1.83092200756073
0.8508734703063965,1.2497508525848389
0.7011885643005371,1.6033021211624146
0.7726319432258606,1.8828482627868652
0.7504472732543945,1.2190165519714355
1.0135290622711182,1.6389096975326538
0.9072993993759155,0.9695494174957275
0.8520195484161377,2.1409459114074707
0.8084146976470947,0.8196732997894287
0.8563928008079529,1.9204928874969482
0.8209856748580933,1.2931771278381348
0.7589979767799377,1.118787407875061
0.915698766708374,1.8489506244659424
0.7691627740859985,0.9334738254547119
0.8504748940467834,2.5838260650634766
0.9240365028381348,1.018295168876648
0.721397876739502,1.3161282539367676
0.6599430441856384,2.3333253860473633
0.8040742874145508,0.7871631383895874
0.7859240770339966,1.5327942371368408
0.7424290776252747,1.3031872510910034
0.9221603274345398,0.8993281126022339
0.8993099927902222,2.428999900817871
0.8535897731781006,1.1825850009918213
0.7921740412712097,1.6445554494857788
0.7725580930709839,1.3741310834884644
0.7981072664260864,1.064807653427124
0.6840439438819885,1.6615231037139893
0.7494699954986572,1.1625301837921143
0.7269323468208313,1.493272066116333
0.7719286680221558,1.899369239807129
0.7446349859237671,0.9700146913528442
1.022966742515564,1.7381571531295776
0.8537567853927612,1.2592265605926514
0.6944670677185059,1.608792781829834
0.784961998462677,0.9240912199020386
0.7936318516731262,2.25546932220459
0.801601231098175,0.9994621872901917
0.7625044584274292,1.4498291015625
0.7652691602706909,1.439391851425171
0.7798054218292236,1.269307017326355
0.6937920451164246,2.0007057189941406
0.8393515348434448,0.6255727410316467
0.9192297458648682,1.9613409042358398
0.943481981754303,1.430649757385254
0.903401792049408,1.4637551307678223
0.7889881134033203,1.6077513694763184
0.9299278259277344,1.0874896049499512
0.7843139171600342,1.8999321460723877
0.7150435447692871,1.3163743019104004
0.6797752380371094,1.7708032131195068
0.7689951062202454,1.1315717697143555
0.9130914211273193,1.8131499290466309
0.7702929973602295,1.4960373640060425
0.8494176268577576,1.1200733184814453
0.8448700904846191,1.791338562965393
0.9625524878501892,0.9524614214897156
0.7736868262290955,2.1170902252197266
0.6642183065414429,1.313125491142273
0.7012351751327515,1.5254709720611572
0.6409571170806885,1.1886698007583618
0.6721512079238892,1.4042668342590332
0.8635063767433167,1.2611907720565796
0.6922183632850647,1.9172029495239258
0.7783843278884888,1.0149507522583008
0.9367444515228271,2.1587722301483154
0.9464876055717468,1.5115668773651123
0.8051122426986694,0.943095326423645
0.84454345703125,2.6051454544067383
0.8529618382453918,0.5538297891616821
1.1297134160995483,2.691362142562866
1.3901903629302979,0.7268755435943604
1.0747501850128174,2.031601667404175
0.882682204246521,1.0937912464141846
0.8399548530578613,1.3623191118240356
0.812781810760498,1.809844970703125
0.8613579869270325,1.166723608970642
0.8703144788742065,1.6061820983886719
0.769322395324707,1.2179570198059082
0.787047266960144,1.1420104503631592
0.8317137956619263,1.3626790046691895
0.8996469974517822,1.4233064651489258
0.7543573379516602,1.8253600597381592
1.0013166666030884,0.936908483505249
0.7898659110069275,1.701857566833496
0.791642427444458,1.1542985439300537
0.8210515379905701,1.8886228799819946
0.8424599170684814,1.2394027709960938
0.8066821098327637,1.4226434230804443
0.8104245066642761,1.5770514011383057
0.7034209966659546,1.7997888326644897
0.817588746547699,0.9866390228271484
0.8645429611206055,1.9968403577804565
0.8291018009185791,0.7564969658851624
0.8821845650672913,2.1581435203552246
1.042917013168335,0.5452334880828857
1.440840482711792,2.061687469482422
1.2224376201629639,1.0283030271530151
0.9759917259216309,1.3160970211029053
0.9102962613105774,1.2519705295562744
0.8712931871414185,0.6750569343566895
0.8755870461463928,2.0791854858398438
0.8834535479545593,1.0321279764175415
0.9198097586631775,1.0973683595657349
0.8292542695999146,1.5189703702926636
0.8181504607200623,1.007134199142456
0.8613775372505188,2.196598529815674
1.1147271394729614,0.7884974479675293
1.0527979135513306,3.068241596221924
1.5370674133300781,0.3869215250015259
1.712323546409607,3.612725019454956
1.9280327558517456,0.3761669397354126
1.4634935855865479,1.47826087474823
1.1065654754638672,1.4229555130004883
0.9660882949829102,1.011549949645996
1.2041807174682617,1.9561941623687744
1.2222800254821777,0.662011444568634
1.0642616748809814,1.6180974245071411
0.9334347248077393,1.084411859512329
0.7984046339988708,1.3772735595703125
0.8336697816848755,1.700425624847412
0.9266435503959656,1.0034180879592896
0.9191826581954956,1.7235538959503174
0.8674904704093933,1.2117711305618286
0.6850790977478027,1.0430946350097656
0.970047116279602,2.2513818740844727
0.8639187216758728,1.4479751586914062
0.7030600905418396,0.9958995580673218
0.9074991941452026,1.7019416093826294
0.6770980358123779,1.319456934928894
0.7725379467010498,1.6555852890014648
0.942644476890564,1.4817121028900146
0.7392480373382568,1.1301450729370117
0.7776153087615967,2.131807804107666
1.0436947345733643,0.7523146867752075
1.0192294120788574,1.8773632049560547
0.7541462182998657,1.33636474609375
1.0295308828353882,1.2468085289001465
0.7929208278656006,1.3418036699295044
0.782676637172699,1.623546838760376
0.912956714630127,0.9046467542648315
0.9437472224235535,1.884202241897583
0.9356261491775513,1.0562324523925781
0.6953749060630798,1.1853587627410889
0.7061824202537537,1.3730478286743164
0.7720663547515869,1.027674913406372
0.8872829675674438,1.4698731899261475
0.7649603486061096,1.8308675289154053
0.997876763343811,0.763940691947937
0.9283382892608643,1.7477374076843262
0.8270623087882996,1.8391225337982178
0.9051893949508667,0.885413646697998
1.019921064376831,1.7197363376617432
0.795640230178833,1.372624397277832
0.7782346606254578,1.6150109767913818
0.6570144295692444,1.6102745532989502
0.7652614712715149,0.8745558261871338
0.8173443078994751,1.8842833042144775
0.8539779186248779,1.7525010108947754
0.7262604832649231,1.236354112625122
0.8488985896110535,1.8329930305480957
0.8856417536735535,1.1437878608703613
1.0119881629943848,2.0524630546569824
0.9903815984725952,1.1214807033538818
0.8097746968269348,1.8554463386535645
0.6522226333618164,1.2731506824493408
0.7897356152534485,2.1416375637054443
0.9886080622673035,0.6052460074424744
1.3189060688018799,2.6670360565185547
1.0112863779067993,1.0703814029693604
0.9638936519622803,1.3711433410644531
0.8683432340621948,1.254291296005249
0.9188580513000488,1.2085092067718506
0.9330155253410339,1.3844741582870483
0.8011071681976318,1.3970787525177002
0.9317580461502075,1.5960617065429688
0.7124976515769958,1.2911150455474854
0.8407036066055298,0.8590729832649231
0.8046604990959167,1.51622474193573
0.8177229166030884,1.3858261108398438
0.7650505900382996,1.7539845705032349
0.8018398284912109,1.208051323890686
0.8519949913024902,1.4427106380462646
0.8078399896621704,1.3263089656829834
0.8938865661621094,1.4828057289123535
0.8814303874969482,1.763680338859558
0.8997196555137634,0.8601566553115845
0.8606491088867188,1.9105150699615479
0.788995623588562,1.111818790435791
0.841019332408905,1.6039013862609863
1.0096222162246704,0.8004583716392517
0.9314700365066528,2.075033187866211
0.8489354848861694,1.4967252016067505
0.7678225040435791,0.9144372344017029
0.9220138788223267,2.0581655502319336
0.9650488495826721,1.4059956073760986
0.766197919845581,1.2479113340377808
0.7152951955795288,1.323662281036377
0.674274742603302,1.4096345901489258
0.9549318552017212,0.6653881072998047
0.9760974645614624,2.644524574279785
0.9469228386878967,1.3029632568359375
0.7996105551719666,1.3850960731506348
0.9703223705291748,1.528444528579712
0.8713472485542297,1.592921257019043
0.808074951171875,0.9027374386787415
0.6937611103057861,1.7191516160964966
0.8025491833686829,1.3719981908798218
0.7278610467910767,1.247583270072937
0.8094177842140198,1.424363374710083
0.908767580986023,1.3081848621368408
0.7897887229919434,1.6948684453964233
0.7501840591430664,1.596239686012268
0.7540252208709717,0.9777246713638306
0.9495060443878174,1.891947627067566
0.9997343420982361,1.0298779010772705
0.8645456433296204,1.780726432800293
0.8389006853103638,1.327420949935913
0.7413674592971802,1.8341453075408936
0.8101323843002319,1.1252679824829102
0.924126386642456,1.6135954856872559
0.8458048105239868,1.9489487409591675
0.8838492631912231,1.3274433612823486
0.8362309336662292,1.0515581369400024
0.8840858936309814,2.1933343410491943
0.8512043356895447,1.0351823568344116
0.9066773056983948,2.209594964981079
0.7589143514633179,0.5888726115226746
1.1961357593536377,2.6286792755126953
0.8538278341293335,1.4192577600479126
0.7968393564224243,1.2105437517166138
0.8064326643943787,1.8259975910186768
0.7378602027893066,1.3803465366363525
0.781933069229126,1.420060634613037
1.0830962657928467,1.8422393798828125
0.6866409778594971,1.1734209060668945
0.7177210450172424,1.083696961402893
0.8420374393463135,1.8862037658691406
0.9309266209602356,0.8499543070793152
0.7672744989395142,1.4263190031051636
0.6633175611495972,1.1385830640792847
0.8495113253593445,1.251347541809082
0.7193679213523865,1.2029482126235962
0.7963396310806274,1.8907406330108643
0.8953658938407898,1.6046022176742554
0.7434448003768921,1.6324927806854248
0.6906347870826721,1.000535249710083
0.8031218647956848,1.5226809978485107
0.7871485948562622,1.2387540340423584
0.8446428775787354,1.5314087867736816
0.6214879155158997,1.2821252346038818
0.8586702942848206,0.7192610502243042
0.888541042804718,1.7184075117111206
0.8955479860305786,1.4016766548156738
0.7893474698066711,1.1895530223846436
0.9047454595565796,1.775692105293274
0.6422357559204102,2.087864875793457
0.9882986545562744,0.7105076313018799
0.7561208605766296,1.2058178186416626
0.7963626384735107,1.7734344005584717
0.9359636306762695,0.6686214208602905
0.8909490704536438,1.4781582355499268
0.7606260776519775,1.6712441444396973
1.0441335439682007,0.6618055701255798
1.2356054782867432,2.171804428100586
1.05966317653656,1.049528956413269
0.87105393409729,1.421826958656311
0.7182774543762207,1.5071299076080322
0.835445761680603,1.0083353519439697
0.8022984266281128,2.2339589595794678
0.8669321537017822,0.810274600982666
0.968858540058136,2.277268409729004
0.8631917238235474,1.430161476135254
0.9374337196350098,1.1566390991210938
0.8142117857933044,2.1825389862060547
0.9385536909103394,0.5389824509620667
1.0786824226379395,2.162027597427368
0.8734490871429443,1.5420461893081665
0.7237873077392578,1.0279185771942139
0.9785128235816956,1.522426962852478
0.8333032131195068,1.4136905670166016
0.7467758655548096,1.321146845817566
0.6908990144729614,1.4982287883758545
0.8574339747428894,1.038975477218628
0.848931610584259,1.916898488998413
0.8629720211029053,1.4397523403167725
0.8462038040161133,1.2287685871124268
0.8045456409454346,1.5042338371276855
0.7612309455871582,1.8089392185211182
0.7750948667526245,1.0766525268554688
0.7462217807769775,1.3318943977355957
0.6802327632904053,1.7195578813552856
0.7262207269668579,1.2255271673202515
0.7583088874816895,1.7770137786865234
0.8752629160881042,1.3980858325958252
0.7882705926895142,1.6785883903503418
0.9008099436759949,1.2663899660110474
0.8832358717918396,2.255887031555176
0.7941409349441528,1.0012685060501099
1.0261244773864746,3.1363348960876465
1.5145361423492432,0.5089532732963562
1.1548070907592773,3.654921531677246
1.7624595165252686,0.41890525817871094
1.5770761966705322,1.7278087139129639
0.9218757152557373,1.7348531484603882
1.0679529905319214,0.5332471132278442
1.2343312501907349,1.8775687217712402
1.265710473060608,1.1971997022628784
1.320590615272522,0.9553661346435547
1.0271316766738892,1.4445140361785889
1.101771354675293,0.9064094424247742
0.9894120693206787,1.5264568328857422
1.082134485244751,0.8706785440444946
0.8813944458961487,1.3674914836883545
0.9972946643829346,1.3339569568634033
0.9370660781860352,1.3373692035675049
0.8702791929244995,0.7730847597122192
1.0072224140167236,1.4942758083343506
0.9715445041656494,1.689563274383545
0.9343164563179016,0.7326328754425049
1.016639232635498,1.6552796363830566
0.8472286462783813,1.1406490802764893
0.8316047191619873,1.2321250438690186
0.8727433085441589,1.6393630504608154
0.927833080291748,0.7337938547134399
0.8861217498779297,1.2615118026733398
0.8089595437049866,1.3489964008331299
0.9149191379547119,0.9531856179237366
0.9330758452415466,1.2957324981689453
0.8387195467948914,1.6733667850494385
0.839902400970459,1.1542093753814697
0.9380083084106445,1.5841574668884277
0.7201739549636841,0.967034637928009
0.7249439358711243,1.52921724319458
0.8726037740707397,1.3775079250335693
0.7722411155700684,1.2934828996658325
0.9074978232383728,0.819003701210022
0.9547412395477295,2.0015246868133545
0.8503048419952393,1.0158604383468628
0.8326729536056519,0.8142144680023193
0.969930112361908,1.9549686908721924
0.9784907102584839,1.1267880201339722
0.8840811848640442,1.8609356880187988
0.8763562440872192,0.9071664214134216
1.0154727697372437,1.602188229560852
0.8809163570404053,1.2256677150726318
0.9061568975448608,1.9013625383377075
0.8893123865127563,1.5838451385498047
0.6832994222640991,1.083022952079773
0.9814164638519287,1.9254138469696045
1.0053719282150269,0.752091109752655
0.843654215335846,1.6584850549697876
0.6944214105606079,1.6440812349319458
0.8882775902748108,1.0660581588745117
0.8292321562767029,1.7348071336746216
0.8543371558189392,1.7067888975143433
0.7588229775428772,1.2902500629425049
0.7417657375335693,2.1178269386291504
0.7265030741691589,0.8699721693992615
1.1544002294540405,2.1401734352111816
1.0828107595443726,0.9391031265258789
0.7110861539840698,1.8949285745620728
0.930070698261261,1.4988141059875488
0.8015573620796204,0.9894900918006897
0.9021835327148438,1.6451605558395386
0.9162025451660156,1.040251612663269
0.9222185611724854,1.994387149810791
0.9528176188468933,1.5309913158416748
0.6946342587471008,1.3720877170562744
0.7479842305183411,1.7264273166656494
0.7074407935142517,1.4067211151123047
1.1198644638061523,2.0855236053466797
0.9677103757858276,0.9745349287986755
0.87865149974823,1.7813830375671387
0.9483218789100647,0.911823034286499
0.7751371264457703,1.701034426689148
0.7087750434875488,1.113316535949707
0.8607752323150635,1.4973962306976318
0.8329472541809082,1.4104750156402588
0.6644507646560669,1.8376356363296509
0.9704988598823547,1.0857951641082764
0.8701964616775513,1.7896199226379395
0.8991284370422363,1.075912594795227
0.8446062803268433,1.3879097700119019
0.7981789708137512,1.751693844795227
0.8104146122932434,1.101562738418579
0.9310033917427063,2.141169548034668
0.9682364463806152,1.271854281425476
0.8127757906913757,1.2688801288604736
0.7663993239402771,2.5200514793395996
0.9896912574768066,0.684048593044281
0.9498850107192993,1.8864107131958008
0.7344315648078918,1.6331987380981445
0.819656252861023,1.7287218570709229
0.8990867137908936,1.1013398170471191
0.8502299785614014,1.4763233661651611
0.7266697287559509,1.4168599843978882
0.7905421853065491,1.019327998161316
0.6731880307197571,1.8382433652877808
0.9737706184387207,1.218719482421875
0.8402132391929626,1.5456833839416504
0.8822801113128662,1.5288524627685547
0.8872100114822388,1.2239441871643066
0.7928187847137451,1.8644509315490723
0.9923914670944214,1.0446841716766357
0.8407454490661621,1.4966899156570435
0.8531677722930908,2.2283008098602295
1.1249549388885498,0.42694413661956787
1.285245418548584,2.660675525665283
1.487666130065918,0.3929535150527954
1.4255958795547485,2.3524770736694336
0.954849123954773,1.5164415836334229
0.9683387875556946,0.936433732509613
0.988723635673523,2.008413314819336
1.0243220329284668,0.9629932641983032
0.762719988822937,1.4500482082366943
0.9099661111831665,1.6727125644683838
0.9095128774642944,1.174115777015686
0.9914384484291077,1.8986866474151611
0.8091893196105957,1.5438446998596191
0.751142144203186,0.9645209312438965
0.7851747274398804,1.8336944580078125
0.8153051137924194,1.5191535949707031
0.8289157152175903,1.2847790718078613
0.9063479900360107,1.641777515411377
0.7861325144767761,1.2405591011047363
0.9368640780448914,1.4183241128921509
0.759196937084198,1.066800594329834
0.766829252243042,1.3973748683929443
0.7128499746322632,1.6720339059829712
0.8970319628715515,0.9837473630905151
0.7600935697555542,1.7771629095077515
0.8158336281776428,1.1695215702056885
0.7538760900497437,1.5602748394012451
0.970957338809967,1.2673274278640747
0.804761528968811,1.1983978748321533
0.6742163896560669,1.3628196716308594
0.5709964036941528,2.1189117431640625
0.8080182075500488,0.7078824043273926
1.1235414743423462,2.3167920112609863
1.0976450443267822,0.9027199745178223
1.0196642875671387,1.7995553016662598
0.6076945066452026,1.6524070501327515
0.9313995838165283,0.7968812584877014
0.8438937664031982,1.4437602758407593
0.7523156404495239,1.9342339038848877
0.9278521537780762,0.9331323504447937
0.7812553644180298,1.160726547241211
0.6822966933250427,1.5603326559066772
0.7448644638061523,1.2876194715499878
0.7411603331565857,1.4387102127075195
0.6839866638183594,1.1864237785339355
0.8466098308563232,1.489147424697876
0.792033314704895,1.160847783088684
0.7322458028793335,1.4800703525543213
0.639952540397644,1.1951438188552856
0.8235266208648682,1.9617114067077637
0.8919148445129395,1.260929822921753
0.7611625790596008,1.172525405883789
0.7210485935211182,1.8552355766296387
0.8953460454940796,0.9621670246124268
0.9521191120147705,2.257444381713867
0.8552075028419495,1.0306532382965088
0.7414103150367737,1.94160795211792
0.7919168472290039,1.1278499364852905
0.9182119369506836,1.5801966190338135
0.9313552379608154,0.9344583749771118
0.7551421523094177,1.9061987400054932
0.8667736053466797,0.7121206521987915
0.9800013303756714,3.2503488063812256
1.3946008682250977,0.674010694026947
1.1265923976898193,2.2263944149017334
1.1640814542770386,0.8336576223373413
1.0883359909057617,1.4118702411651611
0.9612274765968323,1.0628362894058228
0.9516149163246155,1.4744998216629028
0.9746760725975037,1.5018441677093506
1.0049177408218384,1.466465950012207
0.8977681398391724,1.114654779434204
0.8503084182739258,1.2637298107147217
0.9765902757644653,1.7702034711837769
0.8260892629623413,0.916057825088501
0.8289448618888855,1.5628619194030762
0.7299903631210327,1.375168800354004
0.8193231821060181,1.2997968196868896
0.7960596084594727,1.2400456666946411
0.741155207157135,1.5847499370574951
0.849463701248169,1.2623625993728638
0.8035980463027954,1.9391052722930908
0.9232480525970459,1.0990502834320068
0.7357025146484375,1.2323930263519287
0.8427886962890625,1.3990435600280762
0.8012164831161499,1.7621629238128662
0.833142101764679,1.0952540636062622
0.8174338340759277,1.684206485748291
0.8919663429260254,1.155857801437378
0.7759655117988586,1.928277611732483
0.8628950119018555,0.7285968065261841
1.02957022190094,2.1976442337036133
0.9706276655197144,1.0689408779144287
0.6975520849227905,1.3959429264068604
0.7589606046676636,1.6408019065856934
0.873272180557251,0.981367826461792
0.8400399684906006,1.8552758693695068
0.8304682970046997,2.230085849761963
0.9611715078353882,1.0749714374542236
0.936861515045166,1.8364018201828003
0.7633107304573059,1.1150145530700684
0.8535296320915222,1.4659276008605957
0.763650119304657,1.8781709671020508
0.7716500759124756,1.104973554611206
0.9195146560668945,2.290891647338867
0.8807735443115234,1.250732660293579
0.8018172979354858,1.619943618774414
0.7609804272651672,1.0395448207855225
0.7731908559799194,1.2461416721343994
0.8388429880142212,1.4737800359725952
0.6798210144042969,1.425340175628662
0.8960713148117065,1.6826717853546143
0.7525609135627747,1.2171266078948975
0.7101835608482361,1.5255630016326904
0.9085052013397217,1.1168302297592163
0.8249784708023071,1.9441759586334229
0.8968466520309448,1.0392338037490845
0.8835529088973999,2.064704418182373
0.9340695142745972,0.7555910348892212
0.9675869941711426,1.9709744453430176
0.9021362662315369,1.1492714881896973
0.8732149600982666,2.0896477699279785
0.843717098236084,1.020566701889038
0.8801218867301941,1.432386875152588
0.7155857086181641,1.4454832077026367
0.7993972897529602,1.6405258178710938
0.6790786981582642,1.420060396194458
0.8135347962379456,2.0684876441955566
1.1342929601669312,0.5264276266098022
1.1576294898986816,2.893660068511963
1.2922695875167847,0.6628069877624512
1.0140223503112793,1.3658835887908936
0.8326596021652222,1.7816364765167236
1.0487196445465088,0.9165546298027039
0.8377910852432251,1.418874979019165
0.8896678686141968,1.3871592283248901
0.7653974890708923,1.067940354347229
0.7957476377487183,2.1239962577819824
0.9025101065635681,0.8064403533935547
1.102586269378662,2.1585988998413086
0.960638701915741,1.021101951599121
0.8079058527946472,1.3457340002059937
0.7713828086853027,1.3567112684249878
0.7419283986091614,1.7764708995819092
0.8504876494407654,0.9316355586051941
0.9005794525146484,1.6104793548583984
0.7052572965621948,1.4711945056915283
0.8082650303840637,1.3725465536117554
0.7032012343406677,1.4539390802383423
0.8068126440048218,1.2886333465576172
0.7193369269371033,2.199131965637207
1.0003719329833984,0.8257827162742615
0.7665013074874878,1.5315319299697876
0.8798477053642273,1.5751479864120483
0.7264803647994995,1.1719306707382202
0.7598433494567871,1.8946871757507324
0.8203234672546387,2.2311809062957764
0.9165350794792175,1.0375866889953613
0.8511943817138672,1.6708898544311523
0.83995521068573,0.9046820998191833
0.8162839412689209,1.4918301105499268
0.707448422908783,1.6639602184295654
0.7610273957252502,1.2495309114456177
0.9960841536521912,2.143533229827881
0.769999623298645,0.8725346326828003
0.9441084861755371,1.7384848594665527
0.946179986000061,1.1401808261871338
0.7029447555541992,1.3675845861434937
0.9546624422073364,1.4945120811462402
0.7636547684669495,1.672161340713501
0.8615050911903381,1.0659643411636353
0.791811466217041,1.376479983329773
0.8066787719726562,2.2508950233459473
0.7809327840805054,1.0348820686340332
0.7135545015335083,1.6437815427780151
0.728596568107605,1.447265386581421
0.6477581858634949,1.5446065664291382
0.7682273387908936,1.0574674606323242
0.8103801012039185,2.27405047416687
0.8619969487190247,0.8523175716400146
0.87486332654953,1.9917562007904053
0.9328352212905884,1.252866506576538
0.7848930954933167,1.7614600658416748
0.8914332985877991,1.3999512195587158
0.7192327976226807,0.9585050344467163
0.8564983606338501,2.4319658279418945
1.0973094701766968,0.8491333723068237
1.0421655178070068,1.760894775390625
0.8128975033760071,1.0780460834503174
0.9041591286659241,1.2927024364471436
0.7496763467788696,1.9095642566680908
0.9947857856750488,1.3530369997024536
0.7647924423217773,1.3559600114822388
0.7237184643745422,1.2618041038513184
0.7100043296813965,1.136711597442627
0.7734174728393555,1.5072709321975708
0.6226385235786438,1.5923562049865723
0.8204524517059326,1.2598774433135986
0.7225516438484192,2.1402335166931152
0.8899608254432678,0.6722425818443298
0.8832830786705017,2.2205262184143066
0.7298537492752075,1.3068487644195557
1.0079935789108276,1.4957473278045654
0.8956175446510315,1.6520342826843262
0.7953139543533325,1.3593807220458984
0.6509057879447937,1.6627752780914307
0.6647529006004333,1.7886815071105957
0.8357141017913818,1.3466439247131348
0.6987177729606628,1.6971321105957031
0.9169831275939941,0.9275233745574951
0.8313928246498108,1.591127634048462
0.7682117223739624,1.53554368019104
0.8487890958786011,1.132739543914795
0.7544471025466919,2.094721555709839
0.7599422931671143,1.477834939956665
0.6036301851272583,0.9847304821014404
0.9472531676292419,3.8365426063537598
1.677575707435608,0.364226758480072
1.4583638906478882,3.1848390102386475
1.4914308786392212,0.43514689803123474
1.3230397701263428,1.450329303741455
0.882159948348999,1.3482427597045898
1.1433818340301514,1.2715822458267212
1.05864679813385,1.345725417137146
0.9555479884147644,1.365023136138916
0.936438262462616,1.138272762298584
0.8924704790115356,1.6458796262741089
0.8115178942680359,1.3904167413711548
0.742263913154602,0.8561499118804932
0.9339812397956848,1.5381320714950562
0.8767040371894836,0.7627424001693726
0.7701213955879211,1.4008593559265137
0.8817861080169678,1.2194554805755615
0.8639979362487793,1.3269836902618408
0.8802763223648071,0.9662129878997803
0.9339674115180969,1.9456756114959717
0.7782192230224609,1.4774658679962158
0.8371728658676147,1.0393266677856445
0.7762219905853271,1.5475938320159912
0.854049801826477,1.0688939094543457
0.8929239511489868,1.646807312965393
0.7951169013977051,1.4088785648345947
0.8047501444816589,0.8456509113311768
0.8414067625999451,1.4507629871368408
0.8824578523635864,1.4552184343338013
0.7479093074798584,1.4397361278533936
0.9460759162902832,1.3042787313461304
0.7688004970550537,1.2063484191894531
0.8359107375144958,1.9797334671020508
1.0408129692077637,0.5984639525413513
1.0946651697158813,2.1871917247772217
0.8887233138084412,1.0079880952835083
0.8640235662460327,1.351764440536499
0.7477903366088867,1.5091663599014282
0.8525384068489075,1.3420491218566895
0.7389397621154785,1.2676739692687988
0.8926594853401184,1.7740757465362549
0.850218653678894,1.121219515800476
0.7233415246009827,1.163644790649414
0.7685334086418152,1.6408120393753052
0.843670129776001,1.8471137285232544
0.8811867833137512,1.0878478288650513
0.7554624676704407,1.6417369842529297
0.9210542440414429,1.0267961025238037
0.8602316379547119,1.8507136106491089
0.7976563572883606,0.9284071326255798
1.0816090106964111,1.42365562915802
0.8253687620162964,1.0024949312210083
1.0000752210617065,2.393085479736328
1.012625813484192,1.2290681600570679
0.7630325555801392,1.70756196975708
0.8726359605789185,1.1707518100738525
0.8550695180892944,1.265580654144287
0.7215425372123718,1.5676584243774414
0.8128961324691772,1.789172649383545
0.6974531412124634,1.396959900856018
0.846978485584259,1.4765026569366455
0.705365777015686,1.0682125091552734
0.7470902800559998,1.68911874294281
0.727280855178833,1.7032912969589233
0.7632076144218445,1.0591641664505005
0.8034709692001343,2.0945863723754883
0.9766488075256348,0.6940500736236572
1.0298856496810913,2.446226119995117
0.9041405320167542,1.3704856634140015
0.7886606454849243,0.988045334815979
0.9640207290649414,2.095014810562134
1.0560920238494873,0.7430723905563354
0.8637561202049255,1.597609519958496
0.7910546064376831,1.8131043910980225
0.7361847162246704,1.0566108226776123
0.6970487236976624,1.4338421821594238
0.8958803415298462,1.7856731414794922
1.0325944423675537,1.6108242273330688
0.821395218372345,1.5361233949661255
0.6243653297424316,1.5873441696166992
0.9357609748840332,0.8657764196395874
0.8698065280914307,1.871232271194458
0.8491383194923401,1.4120063781738281
0.799290657043457,0.9090805053710938
0.758128821849823,2.292189121246338
0.870934009552002,1.2341082096099854
0.5771328210830688,1.3409613370895386
0.8582409620285034,2.2004289627075195
0.8938054442405701,0.9702213406562805
0.9330804347991943,2.0133674144744873
0.7239782810211182,1.1429725885391235
0.7784489989280701,1.6251274347305298
0.7752702236175537,1.247514009475708
0.7457834482192993,1.4661765098571777
0.7065473198890686,1.4938838481903076
0.6715843677520752,1.5382959842681885
0.8346191048622131,1.3287984132766724
0.8216208219528198,1.4652148485183716
0.798242449760437,1.6696444749832153
0.8025938272476196,0.7376177310943604
0.9168774485588074,2.3136956691741943
0.9669826626777649,0.8841429948806763
0.9176885485649109,1.8228827714920044
0.8197311162948608,1.346923589706421
0.7453330755233765,1.2581441402435303
0.8614815473556519,1.7538573741912842
0.7709278464317322,1.1455268859863281
0.7640328407287598,1.0598435401916504
0.7666856050491333,1.5743509531021118
0.809789776802063,1.4263429641723633
0.8579124212265015,1.5675956010818481
0.8527724742889404,1.232772946357727
0.691327691078186,1.6917321681976318
0.7208332419395447,1.3239799737930298
0.8370223045349121,1.3491079807281494
0.7760525941848755,1.4229094982147217
0.7890377044677734,1.1649072170257568
0.6786092519760132,2.2584357261657715
0.8496739268302917,0.7847276926040649
1.0343563556671143,2.094305992126465
0.9713915586471558,0.9506234526634216
0.8274528384208679,1.8595337867736816
0.7551684379577637,1.697300672531128
0.8105176091194153,1.1349132061004639
0.8823279142379761,2.0143566131591797
0.9158986806869507,1.0930064916610718
0.7198400497436523,2.1207165718078613
0.8001126050949097,1.2207956314086914
0.7710487842559814,2.7227699756622314
1.3940287828445435,0.1974344253540039
1.8359527587890625,3.6087512969970703
1.7204023599624634,0.5624780654907227
1.5202349424362183,2.613534450531006
1.4190559387207031,1.0081559419631958
1.0269492864608765,1.6766822338104248
0.9539912939071655,1.1265172958374023
0.8837797045707703,1.1874566078186035
0.9247303009033203,2.156771659851074
1.384254813194275,0.7742124199867249
1.1175742149353027,1.4172403812408447
0.9803879261016846,1.1776237487792969
0.922264575958252,1.7195483446121216
0.8545329570770264,1.1124153137207031
0.9041739702224731,1.3829905986785889
0.9085490703582764,1.2626211643218994
0.7429510354995728,1.4701337814331055
0.662011981010437,1.309291124343872
0.7226512432098389,1.2252299785614014
0.7967140078544617,1.3708609342575073
0.8466116189956665,1.4592878818511963
0.8096217513084412,1.2814685106277466
0.6887075901031494,1.3420860767364502
0.70346599817276,1.175276517868042
0.797561526298523,1.3860926628112793
0.8551088571548462,1.2346203327178955
0.7685905694961548,1.2914912700653076
0.7106643319129944,1.3874155282974243
0.7956430315971375,1.544168472290039
0.6730960011482239,1.0998977422714233
0.7764196991920471,1.800426959991455
0.9510857462882996,1.1264538764953613
0.834113597869873,1.3312265872955322
0.7489461302757263,1.7276561260223389
0.8034905195236206,0.9886606931686401
0.6680605411529541,1.3967015743255615
0.9347014427185059,1.5344334840774536
0.7492989897727966,1.0245325565338135
0.9051823019981384,2.248201370239258
0.8267825841903687,1.0290682315826416
0.8781139850616455,1.8612486124038696
0.7790476083755493,1.4560469388961792
0.8518389463424683,1.0858715772628784
0.8337690234184265,1.7560145854949951
1.0510263442993164,0.7096818685531616
1.1052680015563965,2.1662204265594482
0.7734010219573975,1.3026758432388306
0.7225965261459351,1.416010856628418
0.7563319802284241,1.5560665130615234
0.7833595871925354,1.2250916957855225
0.7054749727249146,1.6199592351913452
0.837344765663147,1.3725823163986206
0.7791301608085632,1.4003841876983643
0.7934277057647705,1.6974867582321167
0.6940886974334717,1.150098204612732
0.9413354396820068,1.1882773637771606
0.6576017141342163,1.8283934593200684
0.8625717163085938,1.511702299118042
0.7321646213531494,1.564894676208496
0.8184865713119507,1.349766492843628
0.7519069910049438,1.5870375633239746
0.8969634771347046,2.6064798831939697
0.9022443294525146,1.0350879430770874
1.0490089654922485,2.474226236343384
1.110564112663269,0.8942450881004333
1.0356483459472656,2.0662193298339844
0.8247003555297852,1.2378791570663452
0.8353834748268127,1.4816269874572754
0.7610334157943726,1.3366637229919434
0.902385413646698,1.1532589197158813
0.7240402698516846,1.7345523834228516
0.7229065299034119,1.3554284572601318
0.683709442615509,1.4020206928253174
0.7988996505737305,1.8245551586151123
0.9625973701477051,0.769798755645752
0.9980975389480591,2.8434951305389404
0.9200557470321655,1.1855944395065308
0.8021763563156128,1.7424798011779785
0.8802961707115173,1.1071127653121948
0.9395479559898376,1.5644664764404297
0.9550290107727051,1.415818691253662
0.7501194477081299,1.8325542211532593
0.7286920547485352,1.044276237487793
0.8071860074996948,2.4334654808044434
1.2587207555770874,0.6459950804710388
1.1251533031463623,1.9443719387054443
0.7665060758590698,1.2061817646026611
0.791753888130188,1.3492202758789062
0.7184492349624634,1.518662929534912
0.8251097798347473,1.3985837697982788
0.6390835046768188,1.2179381847381592
0.7293604612350464,0.9481154680252075
0.7332105040550232,1.6985507011413574
0.8603014349937439,1.3519070148468018
0.7904136180877686,1.014440894126892
0.8696992993354797,2.300611972808838
1.2436691522598267,0.4077721834182739
1.276487112045288,2.4166998863220215
0.9510017037391663,1.1937274932861328
0.7750045657157898,0.7759326696395874
0.9556766748428345,1.986860990524292
0.969001293182373,0.7631015777587891
1.0900990962982178,0.975070595741272
0.8624234795570374,1.9210783243179321
0.880862832069397,1.4441845417022705
0.8879451751708984,1.3396509885787964
0.9073421955108643,1.2632529735565186
0.9449192881584167,1.637405276298523
0.7933490872383118,1.8116217851638794
0.9507178664207458,0.7065411806106567
0.9685189723968506,1.7516363859176636
0.9085166454315186,1.5453410148620605
0.8541813492774963,1.0412685871124268
0.98245769739151,1.8200926780700684
0.785388171672821,1.96029794216156
0.9352390766143799,0.7984540462493896
1.1409276723861694,1.351356029510498
0.8547483086585999,1.6113982200622559
0.7182016372680664,1.3393231630325317
0.7466380596160889,1.4252727031707764
0.7636072635650635,1.4407973289489746
0.8037005662918091,1.182021141052246
0.7157998085021973,1.7668077945709229
0.8106518983840942,1.1457947492599487
0.916317880153656,1.7167333364486694
0.6679589152336121,1.2872421741485596
0.8600191473960876,1.026853084564209
0.6108798980712891,1.3625328540802002
0.8879601955413818,2.064270257949829
1.0131397247314453,0.9970969557762146
0.9122169613838196,1.3236547708511353
0.8239986896514893,2.6343491077423096
1.0732346773147583,0.6536728143692017
1.0293980836868286,2.032353639602661
0.9789685606956482,0.7042268514633179
0.8668068647384644,1.4765431880950928
0.725233793258667,2.118290424346924
0.8495601415634155,0.8724883198738098
0.7833707332611084,1.1776628494262695
0.6949759721755981,2.2707738876342773
0.7508413791656494,1.3046724796295166
0.6350269317626953,1.4174659252166748
0.7499855756759644,1.895557165145874
0.7650805711746216,0.8879101276397705
0.8804343938827515,1.7092069387435913
0.830579400062561,1.2035044431686401
0.8633295297622681,0.9965351819992065
0.7841346263885498,2.081698179244995
0.7560083866119385,1.3694829940795898
0.8697015047073364,1.3902747631072998
0.7615747451782227,1.1069655418395996
0.8768651485443115,1.6875269412994385
0.7536507248878479,1.4980674982070923
0.7407782077789307,1.119424819946289
0.7082865238189697,1.6202445030212402
0.6848503351211548,1.7895911931991577
0.7806018590927124,1.0971673727035522
0.8084306716918945,1.0421860218048096
0.841168999671936,1.8899226188659668
0.8251904249191284,1.3593508005142212
0.796207070350647,1.2927618026733398
0.7260659337043762,2.663027763366699
1.2265137434005737,0.5797159671783447
1.2713053226470947,2.5380783081054688
1.1103440523147583,0.9592266082763672
0.7747211456298828,0.9869292378425598
1.0001674890518188,1.7624032497406006
1.0243806838989258,0.9234117269515991
0.8945684432983398,1.1746830940246582
0.9740502834320068,2.0549416542053223
0.9711353778839111,0.9703532457351685
0.9361956715583801,1.3253326416015625
0.8182724714279175,1.5642788410186768
0.6686602830886841,0.9446983337402344
1.1212120056152344,2.2711071968078613
1.1585495471954346,0.7991717457771301
0.8302258849143982,1.3464314937591553
0.7316474914550781,2.3009490966796875
0.8564773797988892,1.0487937927246094
1.0132598876953125,1.4938104152679443
0.7362802028656006,1.5112390518188477
0.7432301044464111,1.384840488433838
0.8519855737686157,1.162851333618164
0.8919764757156372,1.8048782348632812
0.7236292362213135,1.664553165435791
0.8427332639694214,0.7469868659973145
0.9589719176292419,1.9651260375976562
0.9948074221611023,0.9358609318733215
0.9980313181877136,2.0081920623779297
0.9977184534072876,1.1306043863296509
0.8696805238723755,1.5678008794784546
0.9104412794113159,1.040158748626709
0.9284106492996216,1.7129645347595215
0.6378486156463623,1.2477385997772217
0.7143250703811646,1.0755250453948975
0.8349071741104126,1.4238945245742798
0.6845676898956299,1.4338126182556152
0.779826283454895,1.3740460872650146
0.7336074113845825,1.3024340867996216
0.7153838872909546,1.6352756023406982
0.779106855392456,0.955987811088562
0.6744662523269653,1.829328179359436
0.9758129715919495,1.686824917793274
0.7304849028587341,1.2178069353103638
0.7618391513824463,1.459928274154663
0.8551286458969116,1.599949598312378
0.8204737901687622,0.8284471035003662
1.1492592096328735,2.1787571907043457
0.8960368633270264,1.30062735080719
0.8211409449577332,1.1979095935821533
0.7725424766540527,1.6268675327301025
0.7200989723205566,1.5209550857543945
0.6615214943885803,1.3158848285675049
0.8316621780395508,1.3061741590499878
0.7208340167999268,1.1149450540542603
0.9131466746330261,2.281824827194214
0.8884722590446472,0.5056049227714539
1.235307216644287,2.259185791015625
1.094730257987976,0.8212082386016846
0.7806234359741211,1.5228734016418457
0.731332540512085,1.2800779342651367
0.9515683650970459,1.3575093746185303
0.8556782007217407,1.359285593032837
0.6489757299423218,1.3042484521865845
0.8414500951766968,1.8907502889633179
0.6602368354797363,1.4193909168243408
0.7329557538032532,1.0012589693069458
0.8234174251556396,2.3958163261413574
1.014262318611145,0.9734218120574951
0.8900769948959351,1.7937157154083252
0.7167489528656006,1.343356966972351
0.6887811422348022,0.8360030651092529
0.8796511888504028,1.5074771642684937
0.7250403165817261,1.5816420316696167
0.9041059017181396,1.47389554977417
0.6737542748451233,1.0325357913970947
0.9625649452209473,1.8076834678649902
0.7535898685455322,0.9335309267044067
0.7620898485183716,1.8828661441802979
0.6330717206001282,1.8464956283569336
0.6375604867935181,1.1710865497589111
0.647746205329895,1.4568421840667725
0.6527597904205322,1.1996538639068604
0.6619872450828552,1.0487171411514282
1.0450080633163452,2.9355740547180176
1.1951875686645508,0.7561372518539429
1.017728567123413,1.7161533832550049
0.924208402633667,1.3655078411102295
0.9085878133773804,1.6324212551116943
0.7957212328910828,1.0084264278411865
1.1103650331497192,1.9488869905471802
1.1341476440429688,0.6695982813835144
0.8227177858352661,1.3909001350402832
0.8100164532661438,1.90767502784729
0.7865601778030396,0.8643903732299805
0.8817249536514282,1.741796612739563
0.8642501831054688,1.3187923431396484
0.7883654832839966,0.9729650616645813
1.1199325323104858,2.504849433898926
0.9899662733078003,1.3230955600738525
0.6657977104187012,1.0445483922958374
0.7614091634750366,1.7161900997161865
0.710620105266571,1.4453229904174805
0.9352196455001831,0.6510964632034302
0.9032588601112366,2.11215877532959
0.8401011824607849,0.8488855361938477
0.9284658432006836,1.6264948844909668
1.000719428062439,1.7466641664505005
0.6935136318206787,1.0499155521392822
0.9884651303291321,1.9505000114440918
0.8199169635772705,1.301790714263916
0.7488176226615906,1.0791778564453125
0.7326308488845825,1.9740978479385376
0.8679764866828918,1.4669893980026245
0.6770293712615967,1.2438251972198486
0.7648635506629944,1.7898128032684326
0.8329018354415894,1.0969669818878174
0.9353001117706299,2.1218950748443604
0.9654718637466431,0.9260104298591614
0.8624675273895264,1.8752737045288086
0.8632392883300781,1.5986952781677246
0.881033182144165,1.7081942558288574
0.8692713379859924,0.7144831418991089
1.0731887817382812,1.771902084350586
0.8254972696304321,1.5854213237762451
0.986029326915741,1.1067373752593994
0.8930426836013794,1.7346720695495605
0.8276609182357788,1.1811197996139526
0.6270962357521057,0.8330659866333008
0.7978019714355469,1.8589727878570557
0.799651026725769,1.3420792818069458
0.595486044883728,0.9893972277641296
0.8148759007453918,1.4917038679122925
0.8265243768692017,1.2367823123931885
0.781456708908081,1.8439478874206543
1.0234131813049316,0.7480766773223877
1.1603479385375977,2.256009340286255
0.8680949807167053,1.354547381401062
0.7488678693771362,1.0172964334487915
0.7782689332962036,1.6792048215866089
0.8578526973724365,1.352560043334961
0.9144799709320068,1.4410293102264404
0.7154830694198608,1.6058762073516846
0.7786267399787903,1.882763385772705
0.7927658557891846,1.4131450653076172
0.7642307877540588,1.55063796043396
0.7030871510505676,1.3919105529785156
0.7893103361129761,1.347312331199646
0.7811733484268188,2.2011044025421143
0.9250022768974304,0.7011436820030212
0.9812281131744385,1.5044631958007812
0.737357497215271,2.0737171173095703
0.8757214546203613,1.0572441816329956
0.6882181167602539,1.3506990671157837
0.8044780492782593,2.226840019226074
0.899049699306488,1.246709942817688
0.8370324373245239,1.6451776027679443
0.7095251083374023,1.5731310844421387
0.8230464458465576,0.7747463583946228
0.967257022857666,1.8414506912231445
0.6567716002464294,1.373018741607666
0.8110623955726624,1.095979928970337
0.73958820104599,1.3896170854568481
0.9668709635734558,1.0038819313049316
0.7467269897460938,1.2542691230773926
0.674647331237793,2.106491804122925
0.8790794610977173,1.0835118293762207
0.7661651372909546,1.6578288078308105
0.955899715423584,1.2800612449645996
0.7873825430870056,1.6013314723968506
0.7447983622550964,2.03928279876709
0.8776546716690063,1.0586553812026978
0.9798473119735718,2.4461522102355957
1.145328164100647,0.7542785406112671
0.9330073595046997,2.0320935249328613
0.8671729564666748,1.2570112943649292
0.6607707738876343,1.4579875469207764
0.737858235836029,1.6081610918045044
0.7734204530715942,1.6022475957870483
0.7222957611083984,1.5665279626846313
0.8728729486465454,1.5119171142578125
0.9341059327125549,1.1491153240203857
0.7403116226196289,1.5890746116638184
0.8794158697128296,1.7501459121704102
0.6649952530860901,1.103956699371338
0.6928471922874451,1.4987636804580688
0.8003394603729248,1.2098445892333984
0.7719146013259888,1.7566958665847778
0.6766715049743652,1.6363067626953125
0.6936162710189819,1.1085176467895508
0.7971234917640686,1.320468544960022
0.679241418838501,1.431164026260376
0.769399106502533,1.0002379417419434
0.7821269035339355,1.4494614601135254
0.7702966928482056,1.3359811305999756
0.8223979473114014,1.749677062034607
0.8302180171012878,0.9611937999725342
0.8007313013076782,1.453150987625122
0.7103881239891052,1.3834775686264038
0.689911961555481,1.0647530555725098
0.7939531803131104,2.2178640365600586
0.9005333781242371,0.6263936161994934
0.9901281595230103,1.7120474576950073
0.9206151962280273,1.8556276559829712
0.7016695737838745,1.1813327074050903
0.7605662941932678,1.4331514835357666
0.7335954904556274,1.3226604461669922
0.8016732335090637,1.3634450435638428
0.6888755559921265,1.330664873123169
0.6584639549255371,2.202091693878174
1.0067861080169678,0.47449570894241333
1.391021966934204,2.8161540031433105
1.4317946434020996,0.6716694831848145
1.1082175970077515,1.7713232040405273
0.959916353225708,1.8909262418746948
0.9047268629074097,0.6853412389755249
0.8671681880950928,2.120096206665039
1.0642421245574951,0.82096928358078
0.9014934301376343,1.7273238897323608
0.9024584293365479,1.7063990831375122
0.8854117393493652,1.3564677238464355
0.8285079598426819,1.3310929536819458
0.7150599956512451,1.388223648071289
0.6900812387466431,1.495795488357544
0.8905643820762634,1.1229865550994873
0.6978071928024292,1.2599008083343506
0.9807257652282715,2.8614768981933594
1.2050378322601318,0.9199129939079285
0.9614176750183105,1.9557794332504272
0.821098268032074,1.410825490951538
0.928272008895874,0.9058372378349304
1.0636799335479736,2.223872423171997
1.5262550115585327,0.574964165687561
1.2826716899871826,1.5315256118774414
0.870423436164856,2.0651040077209473
0.9682105779647827,0.7190151214599609
1.0689430236816406,1.8340842723846436
0.7772178649902344,1.2359504699707031
0.8165905475616455,1.3044590950012207
0.830594539642334,1.9626834392547607
0.9375237822532654,1.1985883712768555
0.7316024303436279,1.7762930393218994
0.8700929880142212,1.2918082475662231
0.7048431634902954,1.635770559310913
0.7441110610961914,1.3514388799667358
0.6691656112670898,1.5116419792175293
0.6871798038482666,1.5564512014389038
0.8453386425971985,1.4032115936279297
0.5973082780838013,1.5993962287902832
0.7852284908294678,1.7126845121383667
0.8355187177658081,0.8269504904747009
0.8389455080032349,1.5949909687042236
0.800653338432312,2.314668893814087
0.9696061611175537,0.8375017642974854
1.008232593536377,2.128357410430908
0.929573655128479,1.088172435760498
0.814487874507904,1.4837449789047241
0.7867683172225952,1.4131863117218018
0.7811675071716309,1.3115583658218384
0.7763110995292664,1.959155559539795
0.8833670616149902,0.8879028558731079
0.8176683187484741,1.849514126777649
0.7092537879943848,1.5015751123428345
0.9728162288665771,1.6873493194580078
0.7974081039428711,1.1746174097061157
0.7700836062431335,1.3852806091308594
0.8131230473518372,1.9855005741119385
0.7712618112564087,1.150679349899292
0.7472434043884277,1.3359382152557373
0.6934515237808228,1.162896752357483
0.8293436765670776,0.8685175776481628
0.8844545483589172,2.182011604309082
0.9048339128494263,1.4543206691741943
0.7804726362228394,0.7791416645050049
0.970739483833313,2.1952621936798096
1.0628365278244019,0.8674349188804626
0.849906325340271,1.5064666271209717
0.7827893495559692,1.4541854858398438
0.8241603374481201,1.503086805343628
0.779315173625946,1.4088197946548462
0.7589681148529053,1.6340081691741943
0.8125303387641907,1.4617645740509033
0.6944091320037842,0.8289775848388672
0.861222505569458,1.7410532236099243
0.79758620262146,0.9333686828613281
0.703575611114502,1.7631053924560547
0.7815659046173096,1.4537546634674072
0.9281502366065979,1.673527717590332
0.8269757628440857,0.9002107977867126
0.8607802391052246,1.6160818338394165
0.6034203171730042,1.7679247856140137
0.7764475345611572,0.9343190789222717
0.778320848941803,1.6291234493255615
0.7554498910903931,1.956421971321106
0.9111045598983765,0.9747710227966309
0.9242076277732849,2.0893473625183105
0.8277564644813538,1.5980472564697266
0.6665569543838501,1.029131293296814
0.9195967316627502,2.086027145385742
1.0096186399459839,0.7936927676200867
0.7528842687606812,1.3179854154586792
0.9150840044021606,1.805174469947815
0.7661181688308716,1.2997915744781494
0.7884566783905029,2.5644752979278564
0.8853718638420105,0.6114140152931213
0.9385203123092651,2.3225831985473633
0.7881948947906494,1.6315752267837524
0.6958722472190857,1.1339060068130493
0.9194963574409485,1.369518518447876
0.8516042232513428,1.8594127893447876
0.899941086769104,1.5044063329696655
0.8077058792114258,1.3497824668884277
0.7005167603492737,2.0181427001953125
0.7618511915206909,1.04710054397583
0.8384717106819153,1.4060381650924683
0.8167471885681152,1.1818355321884155
0.7951831221580505,1.8347141742706299
0.7994787693023682,0.9706233143806458
0.8769776821136475,1.24740469455719
0.6452606320381165,1.8192369937896729
0.7334461212158203,1.3825252056121826
0.8508642315864563,1.2417510747909546
0.7363636493682861,2.339315414428711
0.8217636942863464,0.8184473514556885
0.9018551707267761,1.5877337455749512
0.6995471715927124,1.7706738710403442
0.6957342624664307,1.5170170068740845
0.7028446197509766,0.94232177734375
0.7903432846069336,1.6684980392456055
0.8708219528198242,1.449500560760498
0.6469711065292358,1.7245968580245972
0.7246795892715454,1.143317461013794
0.7328132390975952,1.3604265451431274
0.6054843664169312,1.3583629131317139
0.7353723645210266,1.5447406768798828
0.7861669063568115,1.8816888332366943
0.8768446445465088,0.767413854598999
0.7184462547302246,1.8646122217178345
0.9421054124832153,1.1099872589111328
0.7839981317520142,1.4711034297943115
0.8478491306304932,1.0643367767333984
0.787405252456665,2.0211968421936035
0.7130280137062073,1.3365592956542969
0.7131929397583008,1.5440516471862793
0.7606403231620789,1.8007898330688477
0.7560962438583374,1.7743370532989502
0.9076771140098572,1.3707910776138306
0.8276035785675049,1.529219388961792
0.7340922355651855,1.658165454864502
0.7898224592208862,1.6099172830581665
0.7963311076164246,1.6047875881195068
0.6539449691772461,1.8442144393920898
0.7274004817008972,1.4254834651947021
0.7517821788787842,2.817537784576416
1.0333585739135742,0.40461376309394836
1.4790457487106323,3.5706663131713867
1.6605368852615356,0.5269668102264404
1.3826305866241455,1.8724339008331299
0.8542982339859009,1.4032483100891113
0.8991603851318359,1.1969318389892578
0.8962079882621765,1.622895359992981
0.896245002746582,1.253817081451416
0.9566160440444946,1.419521689414978
0.7499219179153442,1.600037932395935
0.7698925137519836,1.4755563735961914
0.8199779391288757,0.8876772522926331
0.8015549182891846,1.1899582147598267
0.7266392707824707,2.0300416946411133
0.8417503237724304,1.366869330406189
0.8014558553695679,1.452477216720581
0.7665759325027466,1.4876166582107544
0.6853761076927185,1.425721526145935
0.6582839488983154,1.092665672302246
0.7211085557937622,2.0169248580932617
0.9358394145965576,0.7078161239624023
0.9880432486534119,2.467970848083496
0.9699848890304565,1.2622168064117432
0.7407741546630859,1.163581371307373
0.8987982869148254,2.530906915664673
0.938901424407959,0.767001748085022
0.829273521900177,1.5267486572265625
0.7582453489303589,1.9777700901031494
0.8293720483779907,0.7050632834434509
0.9144922494888306,1.945791482925415
0.6383663415908813,1.4835631847381592
0.7169252634048462,1.014774203300476
0.8734667301177979,1.7270185947418213
0.7660394310951233,1.6659585237503052
0.9147899150848389,1.1621452569961548
0.9747661352157593,2.414372444152832
1.157558560371399,0.8053290843963623
0.7433092594146729,1.663753628730774
0.7859482765197754,2.196869373321533
0.8409489989280701,0.81546550989151
0.9481241703033447,1.817261815071106
0.9174244999885559,0.9820898771286011
0.658330500125885,1.0113890171051025
0.6279323697090149,2.0744543075561523
0.9586912989616394,1.1759670972824097
0.724437952041626,1.53468918800354
0.7190065979957581,1.471588134765625
0.8115898966789246,1.3528728485107422
0.6827684044837952,1.4186091423034668
0.7256380915641785,1.4063720703125
0.6640125513076782,2.0084116458892822
0.8523558378219604,1.0465493202209473
0.8572320938110352,1.5142426490783691
0.6998491287231445,1.8195791244506836
0.7993332147598267,0.8940407037734985
0.7315013408660889,1.3558777570724487
0.8347969651222229,1.311424732208252
0.6367221474647522,1.3102623224258423
0.8257236480712891,1.3817518949508667
0.5587490200996399,1.9077389240264893
0.8951970338821411,1.5616014003753662
0.7155654430389404,1.4918851852416992
0.8169956803321838,1.3374888896942139
0.6566667556762695,1.5603654384613037
0.6216026544570923,1.1378426551818848
0.724419891834259,1.5290818214416504
0.7927200794219971,0.7604261636734009
1.0407726764678955,1.9442071914672852
0.8485331535339355,1.3415354490280151
0.827361524105072,1.289510726928711
0.868392825126648,1.8902698755264282
0.8281922340393066,1.0718767642974854
0.9224319458007812,1.354375958442688
0.7849813103675842,1.1578807830810547
0.7989445924758911,1.6613283157348633
0.7242241501808167,1.0763899087905884
0.6629983186721802,1.7501187324523926
0.7092719078063965,1.4132568836212158
0.6009840965270996,1.1456595659255981
0.7182446718215942,2.0450034141540527
0.9694957733154297,1.191676378250122
0.8135801553726196,1.9309500455856323
0.7635817527770996,1.1924841403961182
0.7223286628723145,1.4584380388259888
0.6881915330886841,1.5739320516586304
0.856351912021637,1.7750024795532227
1.1351944208145142,0.5055408477783203
1.445850133895874,2.670494556427002
1.258263111114502,0.7222733497619629
1.0279990434646606,2.616624116897583
1.2031519412994385,0.20123291015625
1.6807620525360107,1.9903466701507568
1.0002788305282593,1.5772587060928345
0.9133411645889282,1.0542891025543213
0.9810229539871216,1.4329450130462646
0.9398577809333801,1.0831044912338257
0.8459563255310059,1.503715991973877
0.760033130645752,1.3816165924072266
0.6930203437805176,1.6872422695159912
0.8941439390182495,1.5199470520019531
0.8235646486282349,1.0388253927230835
0.7480487823486328,1.5245290994644165
0.795134961605072,1.5374135971069336
0.826679527759552,1.5439655780792236
0.8135430812835693,1.2855582237243652
0.7641394138336182,1.2075879573822021
0.7932554483413696,1.353670597076416
0.7382972240447998,1.2436381578445435
0.8716611862182617,2.370859146118164
0.9524492025375366,0.6058139801025391
1.1311156749725342,2.7338242530822754
1.1188446283340454,1.122859239578247
1.0726866722106934,2.1657485961914062
0.9145728349685669,1.3591560125350952
0.7173433899879456,1.016690731048584
0.9251289367675781,1.3499767780303955
0.7650663256645203,1.482473373413086
0.7769507169723511,1.2263253927230835
0.8199001550674438,1.5018237829208374
0.7571009993553162,1.0389959812164307
0.8798070549964905,2.4103262424468994
0.778194785118103,1.6013646125793457
0.6335552930831909,1.2604879140853882
0.7698341608047485,1.3208317756652832
0.7840834856033325,1.3790358304977417
0.8573393225669861,1.5977665185928345
0.8230337500572205,1.0605459213256836
0.6969470977783203,1.9690539836883545
0.8985916972160339,0.7968144416809082
0.8794959783554077,2.0330960750579834
0.7281246781349182,1.9319911003112793
0.7229568958282471,1.7134617567062378
0.7595103979110718,0.7124945521354675
1.138536810874939,1.9738597869873047
0.8493262529373169,1.6291407346725464
0.817173421382904,1.0487022399902344
0.8912597894668579,2.0797600746154785
1.0633970499038696,0.8809133768081665
0.927067756652832,1.7196696996688843
0.8046690821647644,1.5533196926116943
0.8361462354660034,1.3070895671844482
0.8339545726776123,1.61269211769104
0.7552472352981567,1.064866065979004
0.7434517741203308,2.0863466262817383
0.9497051239013672,0.7633307576179504
0.7751739025115967,1.611903190612793
0.8548825979232788,1.2057315111160278
0.8510638475418091,1.5735807418823242
0.7827516794204712,1.6152629852294922
0.7942055463790894,1.2457585334777832
0.8539631366729736,1.4030978679656982
0.7030987739562988,1.3290655612945557
0.6231064796447754,1.0696128606796265
0.8898975253105164,2.5537052154541016
1.2241337299346924,0.6923820376396179
1.2375887632369995,2.7355709075927734
1.332834243774414,0.37914133071899414
1.695502758026123,2.2248053550720215
1.1865243911743164,1.2673759460449219
0.9566758871078491,0.9635302424430847
0.9694664478302002,2.171276092529297
0.9294162392616272,1.0642682313919067
0.8388556241989136,1.4692637920379639
0.7270203232765198,1.410801649093628
0.8556035757064819,1.5864894390106201
0.9308159351348877,1.566229224205017
0.7597787976264954,0.9022916555404663
0.8166389465332031,1.4798583984375
0.8035626411437988,1.315934419631958
0.8512521982192993,1.2461280822753906
0.6393405199050903,1.4748530387878418
0.713671088218689,1.0631909370422363
0.8238996267318726,1.3755261898040771
0.7584155797958374,1.8720383644104004
1.0030789375305176,1.2329061031341553
0.9181429147720337,2.146223306655884
0.9338291883468628,0.7332692742347717
0.7652900218963623,1.307204008102417
0.7654914855957031,1.995138168334961
0.7925848364830017,1.054586410522461
0.9276518821716309,1.0830132961273193
0.9295260906219482,2.2325048446655273
0.9033670425415039,1.2792446613311768
0.7945146560668945,1.209397315979004
0.7483811974525452,2.244323492050171
0.7657464742660522,1.516494631767273
0.7757278680801392,1.8622348308563232
0.8816731572151184,1.097777009010315
0.7311317920684814,1.3319470882415771
0.9691487550735474,2.162877321243286
0.8316686153411865,0.5674227476119995
1.0655189752578735,2.331043004989624
0.9046611785888672,1.2695279121398926
0.7214491367340088,1.1307291984558105
0.7296019792556763,1.8434746265411377
0.7114036679267883,1.3205032348632812
0.8214119672775269,1.7182687520980835
0.7862821817398071,0.9646040797233582
0.7329631447792053,1.233835220336914
0.8146147727966309,2.086826801300049
0.8282010555267334,1.3955435752868652
0.7386393547058105,1.4230005741119385
0.7470166683197021,1.0865919589996338
0.7830495834350586,1.15057373046875
0.742164134979248,1.9100191593170166
0.6782979369163513,1.392421007156372
0.6033921837806702,1.4769666194915771
0.7417486310005188,0.9548805952072144
0.8705770969390869,1.7676973342895508
0.7125064134597778,1.53355073928833
0.8095202445983887,1.4732964038848877
0.8048288822174072,1.6566286087036133
0.851728081703186,1.350325107574463
0.708003044128418,1.5753710269927979
0.7456659078598022,1.8109588623046875
0.6616859436035156,1.5463712215423584
0.8198484778404236,0.9699162244796753
0.7736254930496216,1.8716461658477783
0.868785560131073,0.7501762509346008
0.6956686973571777,1.7552902698516846
0.807529091835022,1.7292906045913696
0.7952055931091309,1.2788703441619873
0.7800189852714539,1.4120503664016724
0.866536557674408,2.2546091079711914
0.7830784916877747,1.488588809967041
0.9119340777397156,1.8710174560546875
0.8278337717056274,0.93430495262146
0.8493427038192749,1.6416144371032715
0.690346360206604,1.0417330265045166
0.941697359085083,2.3567934036254883
1.0327622890472412,0.8989797830581665
0.7755679488182068,1.5240057706832886
0.9472120404243469,1.2504701614379883
0.7170626521110535,2.0361292362213135
0.6754800081253052,1.7288421392440796
0.6264958381652832,1.2935683727264404
0.7958188056945801,1.6962792873382568
0.7428728938102722,1.5532525777816772
0.8072518110275269,2.227020502090454
0.9266142249107361,0.5561432838439941
1.0139281749725342,1.994813323020935
0.8017722368240356,1.7173892259597778
0.9525168538093567,0.984851598739624
0.8666187524795532,1.8211513757705688
0.8222801089286804,1.5481728315353394
1.0135630369186401,0.8292688131332397
1.0937881469726562,2.113471746444702
0.8384755849838257,1.6768736839294434
0.7601857781410217,1.5993456840515137
0.7446311712265015,1.4865145683288574
0.8492979407310486,1.4772264957427979
0.795604944229126,1.4188332557678223
0.7160964012145996,1.9192943572998047
0.9900338053703308,0.9929574131965637
0.740710973739624,2.0427794456481934
0.7679389715194702,1.281729817390442
0.9405021071434021,1.4927237033843994
0.7471946477890015,1.437273621559143
0.7343078255653381,0.9571548700332642
1.0886168479919434,2.212334394454956
0.9460852146148682,1.308194637298584
0.8283236026763916,1.430490493774414
0.8233381509780884,1.8224668502807617
1.0193922519683838,1.2345892190933228
0.8731726408004761,1.6397581100463867
0.7813197374343872,1.2220733165740967
0.7756267189979553,2.4246561527252197
1.0790798664093018,0.7902629375457764
0.844677209854126,1.553661823272705
0.6630488634109497,1.881119728088379
0.8607900142669678,1.049181580543518
1.0760650634765625,1.7401906251907349
0.7231418490409851,1.2887256145477295
0.987446665763855,1.5583350658416748
0.7445381283760071,1.8710641860961914
0.7405656576156616,1.473686695098877
0.8019091486930847,1.3667683601379395
0.8905377984046936,1.6993675231933594
0.8298569917678833,0.8314456939697266
0.7896865010261536,1.8758437633514404
0.6746736168861389,1.528814435005188
0.7346127033233643,1.4962342977523804
0.6878341436386108,0.9800465106964111
0.8579251766204834,2.399557113647461
1.0457518100738525,0.49021410942077637
1.4061368703842163,2.9038052558898926
1.1695762872695923,1.010970950126648
0.8828074336051941,1.6820586919784546
0.8518575429916382,1.0072979927062988
0.7175226211547852,1.4995206594467163
0.9469437599182129,1.3152391910552979
0.7525906562805176,1.784000039100647
0.8679447174072266,1.2393343448638916
0.6569036245346069,1.3996226787567139
0.7901229858398438,1.4948467016220093
0.7644603848457336,1.3230557441711426
0.9724131226539612,1.873252034187317
0.8508379459381104,1.0654150247573853
0.8188031315803528,1.815446138381958
0.8193861246109009,1.2061376571655273
0.8427428007125854,1.1914002895355225
0.8404427766799927,2.100142478942871
0.7327277660369873,1.4147592782974243
0.7414538860321045,1.3484973907470703
0.8409382104873657,1.3721773624420166
0.7227234840393066,1.672316312789917
0.8374493718147278,1.922877311706543
0.7703040242195129,1.2635269165039062
0.8930228352546692,1.8933569192886353
0.7817329168319702,1.2270231246948242
0.9719264507293701,1.9215595722198486
0.7264235615730286,1.4476739168167114
0.753768801689148,1.83909273147583
0.7997022867202759,1.6630589962005615
0.8802578449249268,0.7002515196800232
0.8741716146469116,1.615897297859192
0.8235039710998535,1.497039794921875
0.8988665342330933,2.212137222290039
0.93385910987854,1.2786026000976562
0.840632438659668,1.357388973236084
0.7137665748596191,1.6254857778549194
0.8211996555328369,1.8987550735473633
0.6953278183937073,1.2520732879638672
0.6618692278862,1.6048544645309448
0.7645406723022461,1.3384957313537598
0.809924304485321,1.1085323095321655
0.7241679430007935,2.170102596282959
0.7900463342666626,1.2773950099945068
0.7859300374984741,1.5231783390045166
0.6111931800842285,1.2079858779907227
0.7487699389457703,1.5525058507919312
0.7527924180030823,1.8795937299728394
0.7452810406684875,0.9699485301971436
0.9257150888442993,1.926481008529663
0.8799088001251221,1.5864289999008179
0.7405540347099304,1.0132203102111816
0.623984158039093,1.7582919597625732
0.8403812646865845,1.9911913871765137
0.7580714225769043,1.0055522918701172
0.8993186950683594,1.6511881351470947
0.8244665861129761,2.0126471519470215
1.029092788696289,0.5526281595230103
0.9026180505752563,1.644716739654541
0.8788295388221741,1.4120781421661377
0.7960097789764404,1.831715703010559
0.9036721587181091,2.146494150161743
0.7334074974060059,1.3465527296066284
0.8077985048294067,2.5562005043029785
0.9810177087783813,0.7374032735824585
1.0125980377197266,2.8725504875183105
1.4564175605773926,0.45218607783317566
1.4173840284347534,2.5103838443756104
1.296911358833313,0.8236056566238403
1.0263307094573975,1.8082497119903564
0.9077639579772949,1.8181283473968506
0.9877395033836365,0.6919432282447815
1.057863712310791,1.7378480434417725
0.8292635679244995,1.1124814748764038
0.8178768157958984,1.2305513620376587
0.7320259809494019,1.4183480739593506
0.7755799293518066,1.8276580572128296
0.7134099006652832,0.6500455141067505
1.0133111476898193,2.0816431045532227
0.8771594762802124,1.4115036725997925
0.8538376688957214,1.3957786560058594
0.8028668761253357,1.6006989479064941
0.6989285349845886,1.801815152168274
0.6585885286331177,0.9370924234390259
0.7962182760238647,2.131527900695801
0.7881558537483215,1.3595391511917114
0.7658423185348511,1.6225862503051758
0.6987879872322083,1.348961591720581
0.6429799795150757,1.2531222105026245
0.6066333651542664,1.7677621841430664
0.6817097663879395,1.6516475677490234
0.7731753587722778,0.9929028153419495
0.8264293670654297,2.8477730751037598
1.2652664184570312,0.3476187586784363
1.1647439002990723,2.1330766677856445
0.9938690662384033,2.03824520111084
0.9720282554626465,1.0206663608551025
1.0263876914978027,1.7874637842178345
0.8804234266281128,1.0408844947814941
0.8195744752883911,1.1963402032852173
0.8124998807907104,2.0630478858947754
0.8743047118186951,0.7995208501815796
0.8240104913711548,2.007005214691162
0.8715544939041138,1.6306040287017822
0.8611617088317871,0.8798352479934692
0.8738861083984375,1.9873700141906738
0.7537072896957397,1.4111006259918213
0.7775262594223022,1.3002351522445679
0.9008920192718506,1.1532392501831055
0.8433887958526611,1.545628547668457
0.7456064820289612,2.037682056427002
0.9241174459457397,0.9149960875511169
0.8442049026489258,1.3871897459030151
0.7766329050064087,1.5329046249389648
0.7074079513549805,1.4640673398971558
0.7421820759773254,1.402824878692627
0.7599090337753296,1.7861368656158447
0.8653280735015869,1.0655450820922852
0.8824087381362915,1.6714588403701782
0.7130948305130005,1.4301252365112305
0.6271924376487732,1.330353021621704
0.7282214760780334,1.4931050539016724
0.7553051710128784,1.9506161212921143
0.8052695989608765,1.0074236392974854
0.8727117776870728,1.9120330810546875
0.7669996023178101,1.4109477996826172
0.7832560539245605,1.3090178966522217
0.7293589115142822,1.5708867311477661
0.6009800434112549,1.1832454204559326
0.8029073476791382,1.8176348209381104
0.7131091356277466,1.867576003074646
0.6468780040740967,1.318969964981079
0.8646820783615112,1.9691294431686401
0.9481521844863892,1.082065224647522
0.8716139793395996,1.6651976108551025
0.8567163944244385,1.3682997226715088
0.6954669952392578,2.037278175354004
0.9083001613616943,1.1218972206115723
0.9249961376190186,2.494138479232788
0.9121334552764893,0.9067385792732239
0.8111233711242676,1.4641311168670654
0.689769446849823,1.4383351802825928
0.7823442220687866,1.8228479623794556
0.7075515389442444,1.4936001300811768
0.8103007674217224,1.2106125354766846
0.8011777400970459,1.6140975952148438
0.915223240852356,1.8293259143829346
0.7888443470001221,0.9631317853927612
0.7652225494384766,1.5854324102401733
0.8021187782287598,1.598850965499878
0.6339482069015503,1.9807060956954956
0.7470282316207886,0.9891940951347351
0.7893640995025635,1.953499674797058
0.760017454624176,1.815463662147522
0.6996671557426453,0.6034547686576843
0.7924029231071472,2.669955015182495
1.2003878355026245,1.1146562099456787
0.9047102332115173,2.12815260887146
0.9567504525184631,0.914113461971283
1.0843020677566528,1.8882577419281006
1.0137783288955688,1.4780170917510986
0.7316538691520691,1.1598691940307617
0.7742468118667603,1.9821851253509521
0.634465754032135,1.069022297859192
0.6780910491943359,1.2388312816619873
0.6445565223693848,1.8800749778747559
1.0607985258102417,0.5924324989318848
0.7488605976104736,2.133556842803955
1.081516981124878,1.0816258192062378
0.8516125679016113,1.5790326595306396
0.809473991394043,1.6726733446121216
0.9019354581832886,1.0769474506378174
0.9387750625610352,2.603569507598877
0.9228537678718567,1.3484926223754883
0.6871194243431091,1.026200771331787
0.7420284748077393,2.1123383045196533
0.9654921889305115,1.0442687273025513
1.0075870752334595,1.8517323732376099
0.7713225483894348,1.4398237466812134
0.8272004127502441,0.9019271731376648
0.7762961387634277,1.5181149244308472
0.8837438821792603,1.1077083349227905
0.9044424295425415,1.9709402322769165
0.7281150221824646,1.612379550933838
0.7245938777923584,1.232428789138794
0.727528989315033,1.8893495798110962
0.8173243403434753,0.937171995639801
0.7472624778747559,1.7166290283203125
0.7022708654403687,1.9839750528335571
0.9226906299591064,1.465464472770691
0.6688866019248962,1.6289743185043335
0.7141465544700623,1.1604992151260376
0.6980300545692444,1.5349329710006714
0.7606930732727051,0.8879988193511963
0.9255883693695068,2.7923355102539062
0.9917360544204712,0.7375282645225525
0.8934606313705444,1.816895842552185
0.8642515540122986,1.5262725353240967
0.9500652551651001,1.2137787342071533
0.7720630168914795,1.1784026622772217
0.8486412167549133,1.8324084281921387
0.7212321162223816,1.0839275121688843
0.8021631240844727,1.9668266773223877
0.7445862293243408,1.7575948238372803
0.7861744165420532,1.322145938873291
0.8160876035690308,0.6932750344276428
0.8972551226615906,2.345858097076416
0.9218258857727051,1.2966328859329224
0.6501655578613281,1.3853847980499268
0.743544340133667,2.3945775032043457
0.9286715984344482,1.0101535320281982
0.8990787863731384,1.477745771408081
0.6324454545974731,1.5949480533599854
0.8622661232948303,1.1927037239074707
0.8874247074127197,1.9572169780731201
0.8067602515220642,0.663103461265564
0.9601597785949707,1.6269079446792603
0.7872010469436646,1.773036241531372
0.7350509166717529,0.7861807346343994
0.75005704164505,2.0291643142700195
0.7548937797546387,1.5958995819091797
0.7279237508773804,1.5710941553115845
0.8100796937942505,1.7332158088684082
0.8520427942276001,1.0525230169296265
0.7492274641990662,1.401235818862915
0.6615215539932251,1.8350858688354492
0.6714060306549072,1.3827905654907227
0.719174861907959,1.6939570903778076
0.7633160352706909,1.005331039428711
1.0196603536605835,2.4587135314941406
0.871235728263855,1.2731168270111084
0.8762920498847961,1.5547311305999756
0.9116911888122559,1.5678684711456299
0.6593491435050964,1.0212490558624268
0.8012869358062744,1.4163978099822998
0.7269683480262756,2.2964961528778076
0.8991907835006714,0.5792546272277832
1.3306188583374023,2.3677313327789307
0.9345569014549255,1.3021225929260254
0.718374490737915,1.1500298976898193
0.7122706174850464,1.7960045337677002
0.9203194379806519,1.0232303142547607
0.9221622347831726,1.9422872066497803
0.8130652904510498,1.656308889389038
0.7773789167404175,1.4265539646148682
0.9023056030273438,1.3551876544952393
0.8864952921867371,1.346622347831726
0.7359765768051147,1.166988730430603
0.6903026700019836,1.1681079864501953
0.7208648920059204,1.7995412349700928
0.7633775472640991,1.565802812576294
0.8744917511940002,1.1739146709442139
0.8008338212966919,1.8749675750732422
0.7796205282211304,1.5867432355880737
0.8417530655860901,2.4138598442077637
0.7424719333648682,0.83957839012146
0.9265667200088501,2.1943256855010986
0.7715058326721191,1.4246472120285034
0.68692946434021,1.7269814014434814
0.7467745542526245,0.9191911220550537
0.7506362795829773,1.7553038597106934
0.8224937915802002,1.7058117389678955
0.7347097396850586,1.5208053588867188
0.6258372068405151,1.6301008462905884
0.5363175272941589,1.0906612873077393
0.7091422080993652,0.9976457357406616
0.6731582880020142,2.050234794616699
0.7063957452774048,1.0007009506225586
0.8804556131362915,2.533735752105713
1.0567516088485718,0.7480325698852539
1.1902388334274292,2.593287944793701
0.8972346782684326,1.1260226964950562
0.7304046154022217,1.635876178741455
0.7155994176864624,1.473693609237671
0.8010976314544678,1.6737656593322754
0.7631644010543823,0.8970591425895691
1.0348505973815918,1.4943537712097168
0.7784358263015747,2.331392288208008
0.8556879758834839,0.8636430501937866
0.9584700465202332,1.8886432647705078
0.9590905904769897,1.0403740406036377
0.760482668876648,1.1744863986968994
0.848527193069458,2.5223469734191895
0.8889771699905396,0.6966413855552673
0.8925628662109375,2.061984062194824
0.6829384565353394,1.5598299503326416
0.7909893989562988,0.8797774314880371
0.9022951126098633,2.270768642425537
0.8725934624671936,1.2571778297424316
0.9001727104187012,1.41644287109375
0.7569458484649658,1.5287971496582031
0.8201906085014343,1.374176025390625
0.745392918586731,1.810335636138916
0.8254253268241882,1.2492581605911255
0.8647412061691284,1.309132695198059
0.6880872249603271,1.6542880535125732
0.9048843383789062,1.4872639179229736
0.8940969109535217,1.5428547859191895
0.8589234352111816,0.9839938879013062
0.7149938344955444,2.3187637329101562
0.7762358784675598,1.4367163181304932
0.7948107123374939,1.4824461936950684
0.6970444917678833,1.4628081321716309
0.7417799234390259,2.3041062355041504
0.8230299949645996,0.7354558110237122
1.0023080110549927,2.451521635055542
1.0049200057983398,0.9931520223617554
0.8095494508743286,1.391548752784729
0.6729274392127991,1.8456441164016724
0.8502244353294373,1.3263177871704102
0.7826461791992188,1.3321897983551025
0.7654083371162415,2.0951383113861084
0.7393975853919983,0.9658266305923462
0.7770720720291138,2.4113354682922363
0.8153465390205383,1.0995875597000122
0.9144166707992554,1.9653770923614502
0.7746113538742065,1.6916109323501587
0.7680252194404602,1.3513548374176025
0.8567265272140503,1.8685317039489746
0.9303526282310486,1.1336250305175781
0.7334252595901489,2.035879135131836
0.7510476112365723,0.966385543346405
1.0755290985107422,2.514586925506592
1.0980780124664307,0.8459454774856567
0.9986299872398376,1.459273338317871
0.7284355759620667,2.625788688659668
1.244059681892395,0.788475513458252
1.2924530506134033,2.4151031970977783
1.02312171459198,0.9894979596138
1.0149357318878174,1.6649200916290283
0.8399491310119629,1.5856726169586182
0.9574806690216064,0.8161435127258301
0.7244224548339844,1.2710750102996826
0.7170990705490112,2.2016828060150146
0.9247555732727051,1.3463973999023438
0.979332685470581,1.502785086631775
0.9305223226547241,1.4154489040374756
0.6921323537826538,1.1124815940856934
0.8454618453979492,2.345489263534546
0.9592821002006531,1.1671569347381592
1.1179741621017456,2.0721282958984375
0.6360677480697632,1.753659963607788
0.8037443161010742,1.7903859615325928
0.5587026476860046,0.9667466282844543
0.9418701529502869,1.882343053817749
0.8277656435966492,1.1074185371398926
0.7603105306625366,2.0267598628997803
0.9124237298965454,1.0867836475372314
0.9809304475784302,2.502124071121216
1.0154879093170166,1.5906221866607666
0.7795224785804749,1.3895541429519653
0.771664023399353,1.3146188259124756
0.7503411173820496,1.4202439785003662
0.7953819036483765,1.5655982494354248
0.6361210346221924,1.155138373374939
0.8668665885925293,1.8759520053863525
0.7183594107627869,1.5509824752807617
0.8136897087097168,1.827392339706421
0.7084425687789917,1.5088481903076172
0.8211871385574341,1.3469634056091309
0.8270632028579712,1.814256191253662
0.8175610303878784,1.5402436256408691
0.6930958032608032,1.327915072441101
0.7762094736099243,1.8333661556243896
0.7957947254180908,1.5589436292648315
0.7202363014221191,1.288787841796875
0.8186575770378113,2.0056729316711426
0.7886442542076111,0.8789441585540771
0.7318766117095947,1.1690877676010132
0.8906477689743042,2.505268096923828
0.9268515110015869,0.901674747467041
0.853708028793335,1.533784031867981
0.7495583295822144,1.257880449295044
0.6721837520599365,1.5733466148376465
0.7462146878242493,1.0093477964401245
0.7529504895210266,2.0705130100250244
0.7471932768821716,1.5253996849060059
0.5999597311019897,1.2547392845153809
0.6472926139831543,1.7977408170700073
0.7201240658760071,1.1925666332244873
0.7168988585472107,2.2467458248138428
0.9264523386955261,0.6804155707359314
0.997926652431488,2.7294719219207764
1.264365792274475,0.8121041655540466
1.2030616998672485,3.0211591720581055
1.732947587966919,0.2992584705352783
1.6274704933166504,2.7564117908477783
1.2770932912826538,0.9806200265884399
0.8898745179176331,1.474203109741211
0.883625864982605,1.2770280838012695
0.7794032096862793,1.2820079326629639
0.8399722576141357,1.7137395143508911
0.8299976587295532,1.2032089233398438
0.8260104656219482,2.2423720359802246
0.8503930568695068,1.496399164199829
0.7807931900024414,1.2043098211288452
0.7631819248199463,1.5436134338378906
0.7553441524505615,1.4894558191299438
0.7260672450065613,1.3441529273986816
0.7736896872520447,1.8057317733764648
0.8249238729476929,1.6214895248413086
0.9314861297607422,1.4675424098968506
0.9852035045623779,1.4785360097885132
0.6230783462524414,1.3340516090393066
0.7610929012298584,2.0756661891937256
0.9103270769119263,0.9437006115913391
0.9723408818244934,1.9888161420822144
0.9054975509643555,0.8765145540237427
0.8443901538848877,2.0193822383880615
0.717185914516449,1.6162402629852295
0.7737746238708496,1.5511529445648193
0.814456582069397,1.5634666681289673
0.7891115546226501,1.4588398933410645
0.6652958989143372,1.5289908647537231
0.7061136960983276,2.075975179672241
0.7271151542663574,1.2411468029022217
0.8462397456169128,1.9250775575637817
0.8640719056129456,1.544512152671814
0.6085827350616455,1.0309652090072632
0.8619863390922546,1.8469452857971191
0.7487380504608154,1.8341991901397705
0.7235022783279419,1.191959023475647
0.8022814393043518,2.286606788635254
1.0425586700439453,0.9693172574043274
1.0987917184829712,2.2034034729003906
0.8921098709106445,1.2204713821411133
0.812942624092102,1.4138320684432983
0.7300714254379272,1.6044796705245972
0.7163110971450806,1.6904239654541016
0.8095985054969788,1.1841697692871094
0.8402917981147766,1.8069663047790527
0.8501628637313843,1.733985185623169
0.7795340418815613,1.0832571983337402
0.7658661603927612,1.9253438711166382
1.0436036586761475,0.614608645439148
0.9614204168319702,2.011622428894043
0.8761985301971436,1.4652063846588135
0.6789618730545044,1.2813410758972168
0.7819728851318359,1.7046904563903809
0.7564470171928406,1.1856465339660645
0.9958112835884094,2.1134073734283447
0.9017372727394104,1.0281530618667603
0.9878107309341431,1.876709222793579
0.8741163015365601,1.20517897605896
0.893361508846283,1.695415735244751
0.8288452625274658,1.8501884937286377
0.6738980412483215,1.8154997825622559
0.6846888065338135,1.2277921438217163
0.9083048105239868,0.9775106906890869
0.7193200588226318,2.2198729515075684
0.9168980717658997,0.7370809316635132
1.1653317213058472,2.6389880180358887
1.2091679573059082,0.8915207386016846
0.9981616139411926,1.1752374172210693
0.8491564989089966,2.1157755851745605
0.8609465956687927,1.1858171224594116
0.71985924243927,1.3760168552398682
0.7128058075904846,1.7153325080871582
0.8124356269836426,1.525508165359497
0.7477186918258667,1.9152878522872925
0.7753086090087891,0.806995689868927
0.7550987601280212,1.6442279815673828
0.8072191476821899,1.3261373043060303
0.7351568937301636,1.8691823482513428
0.8021963238716125,1.177575945854187
0.792547881603241,1.9743549823760986
0.7923418879508972,1.95008385181427
1.04700767993927,0.4353535771369934
0.8778823018074036,2.063403367996216
0.9516804218292236,1.1780414581298828
0.5600055456161499,1.4900531768798828
0.8777334690093994,1.5854973793029785
0.9758875370025635,1.5824236869812012
0.7362382411956787,1.241700530052185
0.7183057069778442,1.69963538646698
0.8032622933387756,1.6950814723968506
0.7956578731536865,1.4394481182098389
0.6462337970733643,1.2286882400512695
0.7058407068252563,1.6888177394866943
0.8769110441207886,1.2449815273284912
0.6768462657928467,1.6724255084991455
0.764447033405304,1.0186412334442139
0.7896850109100342,1.9337620735168457
0.8891406655311584,0.9040069580078125
0.8073900938034058,1.8965377807617188
0.5684812664985657,1.657295823097229
0.7629368901252747,1.137470006942749
0.8590245842933655,1.5368623733520508
0.7810327410697937,0.8235589861869812
0.8742059469223022,2.1291189193725586
0.7382495403289795,1.8961446285247803
0.8227765560150146,0.9347331523895264
0.8981907367706299,2.366567611694336
0.6077829599380493,1.03365159034729
0.8648999929428101,1.1741576194763184
0.9291751980781555,2.0689518451690674
0.6731802225112915,1.4293036460876465
0.711314857006073,1.2774369716644287
0.8587138056755066,1.7755546569824219
0.9174976348876953,1.3783795833587646
0.7700788378715515,2.031745433807373
0.6688952445983887,0.9380674958229065
0.693061113357544,2.405275583267212
0.6989232301712036,1.4210374355316162
0.5926065444946289,1.6793582439422607
0.7875604629516602,1.454018235206604
0.8063216209411621,1.7209757566452026
0.6074341535568237,1.6845625638961792
0.7323470115661621,1.1148583889007568
0.6045734286308289,1.5486925840377808
0.7404612302780151,1.3523833751678467
0.7808801531791687,1.8532048463821411
0.6181941628456116,1.4804670810699463
0.8482513427734375,1.5726044178009033
0.7957999110221863,2.085630178451538
0.7851048707962036,0.7069413661956787
0.879692554473877,2.2625951766967773
0.75396728515625,1.349000334739685
0.9021890163421631,1.4250845909118652
0.7605184316635132,1.776228666305542
0.8169564604759216,1.2277556657791138
0.6364250183105469,2.0006580352783203
0.9239771366119385,0.48039573431015015
1.1401748657226562,2.2984981536865234
0.8781485557556152,1.8424372673034668
0.6902363300323486,1.0362355709075928
1.02229642868042,1.9427379369735718
0.9745298624038696,0.9004452228546143
0.8563416004180908,1.461503028869629
0.7033796310424805,2.3042032718658447
0.8795803785324097,0.65519779920578
0.9113764762878418,1.6287715435028076
0.7532697916030884,1.5910203456878662
0.8007462024688721,1.205223798751831
0.7428456544876099,1.3571102619171143
0.8656224012374878,1.4509341716766357
0.6643595099449158,1.641493797302246
0.8464342355728149,1.4721579551696777
0.8817048072814941,1.4044814109802246
0.8598107695579529,2.03554630279541
1.0291746854782104,0.5510064363479614
1.0852127075195312,2.0247302055358887
0.749103307723999,1.4319679737091064
0.720429539680481,1.26771080493927
0.7730536460876465,1.6332324743270874
0.7203981876373291,1.2938401699066162
0.7799934148788452,1.4863028526306152
0.7870461940765381,1.7910289764404297
0.7429877519607544,1.5907514095306396
0.7214862704277039,1.403576374053955
0.8061850070953369,1.7357771396636963
0.7668396830558777,0.99836266040802
0.8592519760131836,2.189563751220703
0.9475542902946472,0.5439757704734802
1.0304877758026123,1.7986423969268799
0.7295945286750793,2.0132896900177
0.738598644733429,1.0598092079162598
0.916917085647583,1.97759211063385
0.9229475259780884,0.9433996677398682
0.6879703998565674,1.5944066047668457
0.7803985476493835,1.7401158809661865
0.8875520825386047,1.1548738479614258
0.5829712152481079,2.2402029037475586
0.713263988494873,1.0842958688735962
0.8686670064926147,2.1597201824188232
0.6229974031448364,1.4591946601867676
0.8834617137908936,1.7958682775497437
0.733526349067688,1.1922855377197266
0.8269202709197998,1.697737455368042
0.7171053290367126,1.1028705835342407
0.7629328370094299,1.8589203357696533
0.8001213073730469,1.3574492931365967
0.6091991066932678,1.06069016456604
0.7505550384521484,1.72672700881958
0.8317692279815674,0.9525125622749329
0.999963104724884,1.417536735534668
0.8621541261672974,1.8001337051391602
0.826329231262207,0.8962350487709045
0.8608567714691162,2.1162939071655273
0.7948554158210754,1.2560458183288574
0.7953130006790161,1.7580499649047852
0.8041479587554932,1.316656470298767
0.7318118810653687,1.6635723114013672
0.8651618957519531,1.403747320175171
0.7811101078987122,1.2634519338607788
0.5958778858184814,1.2253203392028809
0.853897213935852,1.6548978090286255
0.8142837285995483,1.197662115097046
1.0351289510726929,2.523672580718994
0.8700821995735168,1.0961523056030273
0.8186917901039124,1.6181750297546387
0.9147974252700806,1.2627960443496704
0.9055490493774414,2.12661075592041
0.7179107666015625,1.4447307586669922
0.8618287444114685,1.7641314268112183
0.7328730821609497,1.6535627841949463
0.7679915428161621,1.7268931865692139
0.7589980959892273,1.4817672967910767
0.7901720404624939,1.578991413116455
0.9220397472381592,1.388556718826294
0.7935686707496643,1.6826881170272827
0.8408750295639038,0.9160125255584717
0.7544536590576172,2.2813267707824707
0.7173502445220947,1.3099884986877441
0.9310735464096069,1.3937625885009766
0.7557384967803955,2.3339486122131348
0.8429429531097412,1.0904606580734253
0.67085862159729,1.2840973138809204
0.7262310981750488,2.142658233642578
0.9229145050048828,1.3694453239440918
0.8478989601135254,1.7678883075714111
0.87059086561203,1.2990931272506714
0.8227325081825256,2.1456356048583984
0.907992959022522,0.9088602066040039
0.8050827980041504,1.8847191333770752
0.7414307594299316,1.814612627029419
0.7882624864578247,0.9939236640930176
0.7934961318969727,2.188131332397461
0.8457119464874268,1.0113550424575806
0.8502543568611145,1.6736233234405518
0.7584450244903564,1.0514121055603027
1.0163207054138184,2.546868324279785
0.8181270956993103,1.026131510734558
0.8388328552246094,2.262511730194092
0.676618218421936,1.064734935760498
0.8716682195663452,1.7870829105377197
0.733785092830658,1.263783574104309
0.6976625919342041,1.3945252895355225
0.6779746413230896,1.340700387954712
0.8923391103744507,1.916070818901062
0.7477341890335083,1.115567684173584
0.8057912588119507,2.5802156925201416
0.9060178399085999,1.8394544124603271
0.7423732280731201,1.8943588733673096
0.6726402044296265,1.7157199382781982
0.6845749616622925,1.7635087966918945
0.9177038669586182,1.3449194431304932
0.7938199043273926,1.7493999004364014
0.6301037669181824,1.2902562618255615
0.7245258688926697,1.8554953336715698
0.7412336468696594,1.7254294157028198
0.6686266660690308,1.1771067380905151
0.7404199838638306,2.090834617614746
0.7419250011444092,1.0429234504699707
0.8328332901000977,2.7362403869628906
0.9845262765884399,0.8756944537162781
0.8453829288482666,1.5425052642822266
0.6272639036178589,1.7455031871795654
0.7780299186706543,1.4595640897750854
0.6719702482223511,1.5617120265960693
0.8134209513664246,2.011373519897461
0.8460294008255005,1.1208717823028564
0.8185218572616577,1.9731218814849854
0.8655440807342529,0.8859575390815735
0.8170840740203857,2.616103172302246
0.8195126056671143,1.4129307270050049
0.7061968445777893,1.2458980083465576
0.6912649273872375,1.9028047323226929
0.9405670166015625,0.8861910700798035
0.8417643904685974,1.68856942653656
0.8161187171936035,2.138082504272461
0.6722630262374878,0.9506607055664062
0.9379923343658447,2.2180280685424805
0.8557998538017273,1.3328146934509277
0.9084014892578125,1.9113467931747437
0.9183595180511475,0.89189612865448
0.619688093662262,1.7057325839996338
0.5991841554641724,1.4397168159484863
0.7121263146400452,1.684053897857666
0.7833747863769531,1.1488847732543945
0.7471771240234375,1.753894329071045
0.9780964851379395,0.9006175994873047
0.9027040004730225,1.7671313285827637
0.7468252778053284,1.7913246154785156
0.8033488988876343,1.0934088230133057
0.7217569351196289,1.3675429821014404
0.8169013857841492,1.1395328044891357
0.7867062091827393,2.7252469062805176
0.9480413198471069,0.5592467784881592
1.3613793849945068,3.559424877166748
1.7581732273101807,0.3031720519065857
1.5465495586395264,2.8395369052886963
1.1755399703979492,0.7919150590896606
0.9226393699645996,1.808274507522583
0.8250830173492432,1.3931834697723389
0.7863734364509583,1.0533654689788818
0.7887391448020935,2.0756092071533203
0.9506296515464783,0.9879724979400635
1.1014530658721924,1.4227629899978638
0.7948280572891235,1.6871037483215332
0.8688073754310608,0.9319841861724854
0.9566505551338196,0.9783151149749756
0.9181326627731323,2.20033597946167
0.9558876156806946,0.9255843758583069
0.9261412024497986,1.8361661434173584
0.6432304382324219,1.6036345958709717
0.6565465331077576,1.2056224346160889
0.8032687902450562,1.5443979501724243
0.6831533908843994,1.2113291025161743
0.714453935623169,1.2798266410827637
0.7224465012550354,1.6281801462173462
0.8347970247268677,2.002727746963501
0.7656410932540894,0.9271997213363647
0.8476516008377075,1.9113318920135498
0.8853241801261902,1.1751141548156738
0.6678240299224854,1.885094404220581
0.7851901650428772,1.973020076751709
0.8599212765693665,1.219253659248352
0.7114890813827515,1.6668109893798828
0.7854884266853333,1.6205410957336426
0.8684251308441162,1.4100677967071533
0.8730835914611816,1.5703251361846924
0.8162846565246582,0.9268851280212402
0.6246358156204224,1.7551124095916748
0.9594107270240784,1.6291029453277588
0.7442176342010498,1.7131192684173584
0.8347880840301514,0.962224006652832
0.96701979637146,2.663546562194824
0.8957070112228394,1.2392404079437256
0.6524814367294312,1.557302474975586
0.7306932210922241,1.8972456455230713
0.7183152437210083,1.5441949367523193
0.8168929815292358,0.8677380084991455
0.7771427631378174,2.5515236854553223
1.2212436199188232,0.6131699681282043
1.5709751844406128,3.538205146789551
1.7577961683273315,0.5784001350402832
1.243658423423767,1.775938868522644
0.6932243704795837,1.9344003200531006
0.9431788325309753,0.6880181431770325
1.0746104717254639,1.8762612342834473
0.9679960012435913,1.6620514392852783
0.841755747795105,1.4114842414855957
0.7670365571975708,1.7484462261199951
0.7518681287765503,0.9511467218399048
0.8585474491119385,2.249330520629883
0.8620703220367432,1.1378841400146484
0.786865770816803,1.824824571609497
0.818578839302063,1.0802571773529053
0.8541680574417114,1.4954560995101929
0.8027141690254211,1.6185812950134277
0.9559840559959412,1.34085214138031
0.8888615965843201,2.158627986907959
0.9773078560829163,0.8801244497299194
0.8719537854194641,1.9177912473678589
0.8341432213783264,1.3939692974090576
0.8801039457321167,1.5580427646636963
0.6168725490570068,1.207987904548645
0.7994952201843262,2.060387372970581
0.8660397529602051,1.179178237915039
0.7942607402801514,1.7709155082702637
0.7640025019645691,1.774053692817688
0.8347828388214111,0.9466737508773804
0.7922085523605347,1.471527099609375
0.723785400390625,1.6717625856399536
0.7741755247116089,0.9873298406600952
0.7126532793045044,1.5211279392242432
0.64622563123703,1.7325758934020996
0.937763512134552,1.3424371480941772
0.8283872604370117,1.9407031536102295
0.7277488708496094,2.1067209243774414
0.6076182126998901,1.0652127265930176
0.8631373643875122,1.766775131225586
0.7562121748924255,1.4501652717590332
0.7251682281494141,2.1629345417022705
0.7747220396995544,0.965558648109436
0.7549721002578735,1.4218053817749023
0.8290585875511169,2.21573543548584
0.8294167518615723,1.0578296184539795
0.7946932911872864,1.9889718294143677
0.7867230772972107,1.2065205574035645
0.8872612714767456,1.6659610271453857
0.8683589100837708,1.067946195602417
0.7396195530891418,1.8801287412643433
0.7553838491439819,1.4063427448272705
0.6449410915374756,1.5396627187728882
0.7531250715255737,1.4124796390533447
0.7947754859924316,1.323760986328125
0.6273507475852966,1.9151204824447632
0.8393199443817139,1.0937142372131348
0.753171443939209,1.4931204319000244
0.6002093553543091,1.345483422279358
0.8796106576919556,1.0520093441009521
0.7670959234237671,1.276313304901123
0.7183102369308472,1.0397450923919678
0.6813693046569824,1.772263765335083
0.7254433631896973,1.0285757780075073
0.7737482786178589,1.4794124364852905
0.7195472121238708,1.8449437618255615
0.6282252073287964,1.4301649332046509
0.6486775875091553,1.6241698265075684
0.7060150504112244,1.472659945487976
0.9073702096939087,1.063671350479126
0.9367414712905884,2.509639024734497
1.5275657176971436,0.5056929588317871
1.3153538703918457,2.4372665882110596
0.8432174921035767,1.626012921333313
0.935854434967041,1.0704325437545776
0.7508867979049683,1.8006720542907715
0.922541618347168,1.139802098274231
0.8492859601974487,1.632293462753296
0.7665164470672607,1.145399570465088
0.7565305829048157,1.806528091430664
0.7084747552871704,2.2963340282440186
0.6975314617156982,1.4811362028121948
0.872688889503479,1.5210716724395752
0.7823620438575745,1.4684418439865112
0.9192324280738831,1.092729926109314
0.5808886289596558,1.2090837955474854
0.717256486415863,1.9374594688415527
0.6930872201919556,1.1925787925720215
0.8056982755661011,1.8479700088500977
0.7435434460639954,1.8444058895111084
0.7370283603668213,1.443724274635315
0.8277260065078735,1.6122432947158813
0.733987033367157,1.2538564205169678
0.737450122833252,3.070650100708008
0.9732381701469421,0.7034871578216553
1.1233073472976685,1.8400354385375977
0.8699275851249695,1.5375285148620605
0.7424890995025635,1.377120018005371
0.7877293229103088,1.306657075881958
0.6214632987976074,1.7592263221740723
0.7789032459259033,1.46303391456604
0.7803700566291809,1.0070977210998535
0.8597686290740967,1.763446569442749
0.5622870922088623,1.4401695728302002
0.7781016826629639,1.8419733047485352
0.7485262751579285,1.0649964809417725
0.8631532192230225,1.2246763706207275
0.8594152927398682,1.7510484457015991
0.8346816301345825,1.0881123542785645
0.7594131231307983,2.143087387084961
0.7878014445304871,1.5651745796203613
0.7081819772720337,1.4039280414581299
0.6563294529914856,2.0513675212860107
0.7295730710029602,0.8955068588256836
0.7622513771057129,1.8481303453445435
0.6150849461555481,1.3504736423492432
1.0113356113433838,1.3878893852233887
0.7534292936325073,1.6426632404327393
0.81485915184021,1.2153453826904297
0.6781501173973083,1.6454799175262451
0.6918181777000427,1.2060952186584473
0.7382340431213379,1.9135220050811768
0.8358092308044434,1.3730757236480713
0.7441087365150452,1.232454538345337
0.7397588491439819,1.4688688516616821
0.7268842458724976,2.350748062133789
0.8642436265945435,0.8898330926895142
1.0154474973678589,1.8064172267913818
0.7262703776359558,1.4087214469909668
0.7104791402816772,1.4909164905548096
0.6824159622192383,1.3929636478424072
0.7781851291656494,2.4342541694641113
1.003357172012329,0.6571736335754395
1.032006859779358,2.4889273643493652
0.6292652487754822,1.9007313251495361
0.8560340404510498,0.9222977757453918
0.9035520553588867,2.0134787559509277
0.8586873412132263,1.511397361755371
0.6980760097503662,1.0564966201782227
0.7510581016540527,2.2317862510681152
0.8759130239486694,1.0042392015457153
0.8704156279563904,1.6428208351135254
0.7626808285713196,1.2002217769622803
0.8814758062362671,2.0104801654815674
0.9807868599891663,0.8839544057846069
0.8864454627037048,1.9339606761932373
0.7135294675827026,1.2942478656768799
0.8156931400299072,1.2324880361557007
0.7155070304870605,1.2574260234832764
0.8474603891372681,1.931476354598999
0.8823797106742859,0.9521477222442627
0.8810037970542908,1.8488736152648926
0.7311735153198242,1.3142023086547852
0.7296884059906006,1.7168326377868652
0.7871811389923096,1.4591927528381348
0.710075855255127,1.4271190166473389
0.6757940053939819,1.559459924697876
0.7492430210113525,1.867797613143921
0.8965969085693359,0.8429321050643921
0.8419276475906372,1.6929786205291748
0.8600658178329468,1.266082763671875
0.8062427043914795,1.1253342628479004
0.6718199253082275,1.804642915725708
0.8458170294761658,1.3243193626403809
0.7053009271621704,1.354330062866211
0.7296169996261597,1.0286855697631836
0.9851000905036926,2.8966727256774902
1.3646938800811768,0.5080084800720215
1.0985289812088013,2.6433985233306885
1.207338571548462,0.7139520645141602
1.4618057012557983,2.820028781890869
1.1742370128631592,0.7134145498275757
1.213761329650879,1.4046499729156494
0.8740490674972534,1.6476229429244995
0.8286126255989075,0.9105785489082336
0.8963229656219482,1.7249327898025513
0.9184803366661072,1.5292805433273315
0.7938492298126221,1.596062421798706
0.7701784372329712,1.3084356784820557
0.7172715663909912,1.4263144731521606
0.8766213655471802,1.6757383346557617
0.7037808895111084,0.8782311677932739
0.9147447943687439,1.7868314981460571
0.9953127503395081,1.2382628917694092
0.858031690120697,1.5831806659698486
0.8148585557937622,2.2422537803649902
0.8492005467414856,0.9679476022720337
0.8069305419921875,1.8749473094940186
0.8089434504508972,1.3922736644744873
0.5891513824462891,1.2028024196624756
0.8024471998214722,1.502849817276001
0.6822174191474915,1.2949316501617432
0.8361087441444397,1.3956875801086426
0.7312170267105103,1.4940073490142822
0.6828573942184448,1.9269826412200928
0.6182049512863159,1.3210277557373047
0.6836072206497192,1.179894208908081
0.6076357364654541,2.23549747467041
1.109154462814331,1.2370353937149048
0.8928143382072449,1.1514637470245361
0.8830060958862305,2.4645209312438965
0.9757273197174072,1.0313405990600586
0.8836306929588318,1.1558127403259277
0.6977185010910034,1.6539013385772705
0.7525806427001953,1.1959426403045654
0.6524103879928589,0.9687423706054688
0.6934370398521423,2.0823867321014404
0.8641103506088257,0.9875998497009277
0.7077158093452454,2.178694486618042
0.706531286239624,1.644517421722412
0.7096117734909058,0.6816773414611816
1.0182416439056396,2.5393776893615723
1.321064829826355,0.9050687551498413
0.8076809644699097,1.2093093395233154
0.7397395372390747,2.0595052242279053
0.9952031373977661,1.0120019912719727
0.8664372563362122,1.340907096862793
0.9079785346984863,1.859909176826477
0.8838018178939819,0.894551157951355
0.7787588834762573,1.379772424697876
0.8459800481796265,2.354550361633301
0.9195640087127686,0.5419306755065918
1.221381425857544,2.521831750869751
0.8648708462715149,1.4480218887329102
0.7972811460494995,1.8088032007217407
0.9376351237297058,1.2140207290649414
0.9210297465324402,1.8277369737625122
0.7769142985343933,1.036679744720459
0.7723510265350342,1.8296059370040894
0.9151298999786377,1.4300721883773804
0.767776370048523,1.0498907566070557
0.6970038414001465,1.9957001209259033
0.8379897475242615,0.9411988258361816
0.8679429292678833,1.6904957294464111
0.8557603359222412,1.7526819705963135
0.6857731342315674,1.2409154176712036
0.8117819428443909,1.8709694147109985
0.9999468326568604,0.9578980207443237
1.0172605514526367,1.9084293842315674
0.7251234650611877,1.5068359375
0.7128642797470093,1.4039863348007202
0.7504323720932007,1.3319796323776245
0.7090293169021606,1.296557903289795
0.7437177896499634,2.218815803527832
0.8821796178817749,0.7992963790893555
0.9942872524261475,2.224839925765991
0.8015584945678711,1.4692177772521973
0.7996567487716675,1.023087501525879
1.1370127201080322,2.42755389213562
1.038788080215454,1.5172266960144043
0.789149284362793,1.0589519739151
0.7865359783172607,1.7082736492156982
0.8031071424484253,1.0294318199157715
0.976535975933075,2.461911916732788
0.9835274815559387,1.484555721282959
0.9675449728965759,1.4028105735778809
0.6687759757041931,1.7332470417022705
0.6975411176681519,0.9979903697967529
0.7644867300987244,1.2623052597045898
0.7333531379699707,1.5106065273284912
0.8368706703186035,1.2841107845306396
0.8566799163818359,1.9720962047576904
0.7999695539474487,0.8811354637145996
0.7322202920913696,1.9026670455932617
0.8564997911453247,1.1036808490753174
0.9311542510986328,2.1187291145324707
0.9547929763793945,1.0875694751739502
0.6071726679801941,1.5032488107681274
0.8736785650253296,2.568234920501709
0.9625542759895325,0.9701569080352783
0.9649909734725952,1.7631646394729614
0.9661155939102173,1.1211724281311035
0.8552565574645996,1.5611422061920166
0.854154646396637,1.0733821392059326
0.7015106081962585,1.4871196746826172
0.8315582871437073,1.719820499420166
0.7959668636322021,1.16471529006958
0.7974146604537964,2.4379963874816895
0.9104295969009399,0.6758064031600952
1.094552993774414,2.3441622257232666
0.7617219686508179,2.013488531112671
0.8895074725151062,0.6891369223594666
1.012558937072754,2.0513601303100586
1.1258318424224854,1.3719487190246582
0.7916828393936157,1.104466438293457
0.8069133162498474,1.2681348323822021
0.7821527123451233,2.1513426303863525
0.8879050016403198,0.7606253623962402
1.059509515762329,1.3764055967330933
0.739359974861145,2.3179430961608887
1.0569565296173096,0.7049820423126221
0.7796435356140137,1.2618156671524048
0.6568389534950256,1.9908674955368042
0.880495011806488,0.903038501739502
0.8535453081130981,1.3444814682006836
0.7233096957206726,1.8467435836791992
0.9091418385505676,0.7741758227348328
0.9043889045715332,1.883902907371521
0.758694589138031,1.3182828426361084
0.8515662550926208,1.2931402921676636
0.7333717346191406,1.8719453811645508
0.8579566478729248,1.1820814609527588
0.7385263442993164,0.9231680631637573
0.9603820443153381,2.6601617336273193
0.806410551071167,1.2116501331329346
0.8042433857917786,1.3211948871612549
0.7728394269943237,1.3575400114059448
0.839482307434082,0.6987203359603882
0.7899114489555359,1.958216667175293
0.7148237228393555,1.0091499090194702
0.8697060346603394,1.6787686347961426
0.6252529621124268,1.360827088356018
0.7362938523292542,0.8559359312057495
0.8820547461509705,1.9282243251800537
0.8871052861213684,1.304496169090271
0.7181473970413208,2.0976696014404297
0.6866487264633179,1.639692783355713
0.6521852016448975,1.0010372400283813
0.7223130464553833,1.9692858457565308
0.7594650983810425,1.3115559816360474
0.8484671711921692,1.5539494752883911
0.8669973611831665,2.448908567428589
0.7010603547096252,1.2258703708648682
0.6909559369087219,1.6927038431167603
0.9224158525466919,1.695587158203125
0.5151458978652954,0.89414381980896
0.8034672141075134,2.0988216400146484
0.8052558898925781,1.1328911781311035
0.9321567416191101,1.7567503452301025
0.7060168385505676,2.3399031162261963
0.8946634531021118,1.530440092086792
0.7296664714813232,1.307539939880371
0.8692984580993652,2.296196460723877
0.8365617990493774,0.7645310759544373
0.8822954893112183,1.212799310684204
0.6545098423957825,2.165180206298828
0.8395621180534363,1.1972122192382812
0.5645565986633301,0.6761110424995422
0.7395220398902893,1.7221546173095703
0.9410308599472046,1.3611741065979004
0.732935905456543,1.0684306621551514
0.7304529547691345,1.9857332706451416
0.7790555953979492,1.3129888772964478
0.7705351114273071,1.0121439695358276
0.8727426528930664,0.9787932634353638
0.8560714721679688,2.828500986099243
1.1206728219985962,0.6770148277282715
1.1746491193771362,2.110382318496704
0.9387032985687256,1.2164082527160645
0.9467701315879822,1.0532119274139404
0.8614434003829956,1.7434630393981934
0.7312959432601929,1.5215636491775513
0.8811413049697876,0.8053715229034424
1.0391185283660889,1.823853850364685
0.7883793115615845,1.376603603363037
0.8495910167694092,1.1283447742462158
0.9192307591438293,2.1538257598876953
0.8018567562103271,1.4090030193328857
0.8548858165740967,1.6004797220230103
0.8770118951797485,1.8013765811920166
0.8864519000053406,0.74303138256073
1.0757598876953125,1.8750720024108887
0.9320356845855713,1.1919443607330322
0.8340072631835938,1.4195775985717773
0.7102153301239014,2.4646711349487305
1.007549524307251,0.6170382499694824
1.047347068786621,2.180713176727295
0.7943568825721741,1.255194902420044
0.6528359055519104,1.380964756011963
0.6398419141769409,1.437432050704956
0.6716359853744507,1.694627046585083
0.7555053234100342,1.3095812797546387
0.6510301828384399,1.127827763557434
0.7381775379180908,1.5595674514770508
0.7828183174133301,0.9149094820022583
0.7175316214561462,1.4894084930419922
0.7647247314453125,1.737015962600708
0.7617293000221252,1.0662423372268677
0.7241010069847107,1.660956859588623
0.8080912828445435,1.060111165046692
0.9410890936851501,1.8818027973175049
0.8574755191802979,1.3032630681991577
0.7239118814468384,1.9199943542480469
0.7065384387969971,1.4461055994033813
0.6996415853500366,1.3583338260650635
0.9251203536987305,1.5743484497070312
0.7447754144668579,1.2063426971435547
0.8793849945068359,1.244331955909729
0.565515398979187,1.5694680213928223
0.9048718214035034,1.6762769222259521
0.8082236051559448,0.9976922273635864
0.8576291799545288,1.839227557182312
0.9921861886978149,1.1058621406555176
0.9009527564048767,2.029106378555298
0.7590751647949219,1.2762973308563232
0.8154274225234985,1.6396141052246094
0.6612823009490967,1.1277004480361938
0.8945021629333496,2.4421701431274414
0.9251018762588501,1.0225509405136108
0.8431406021118164,1.861606240272522
0.9510657787322998,1.217622995376587
0.7976118326187134,2.510931968688965
0.7427859902381897,1.3782145977020264
0.7401164174079895,1.416481614112854
0.8248716592788696,2.1458964347839355
0.8405336141586304,1.9135246276855469
0.693356990814209,1.2735882997512817
0.7647767066955566,1.891179084777832
0.9705958366394043,0.9644544124603271
0.756940484046936,1.7070602178573608
0.5752037167549133,2.2774579524993896
0.9766073226928711,1.0432543754577637
0.801586389541626,1.6195493936538696
0.6346461772918701,1.9570138454437256
0.7197163105010986,0.7904173135757446
1.063502311706543,2.9657716751098633
1.2500373125076294,0.8735495805740356
1.167413353919983,1.9802972078323364
0.8341803550720215,1.38565993309021
0.875569224357605,1.333122968673706
0.7159301042556763,1.664494276046753
0.7933508157730103,1.5067009925842285
0.6594789624214172,1.3543064594268799
0.6876652240753174,1.4074867963790894
0.5915659070014954,1.6399788856506348
0.6643053293228149,1.814083218574524
0.8204731941223145,1.1375985145568848
0.7277909517288208,1.7430624961853027
0.8113154172897339,1.2955358028411865
0.8035988211631775,1.6097298860549927
0.683510422706604,1.484757900238037
0.8870795965194702,1.3181719779968262
0.7685889601707458,2.1258983612060547
0.7755469083786011,1.499955415725708
0.8026572465896606,0.8719465732574463
0.6981368660926819,1.971342921257019
0.7015941143035889,2.124969005584717
0.818726658821106,1.1775490045547485
0.7188524007797241,1.984999656677246
0.6338080167770386,1.470848798751831
0.757219672203064,0.9123543500900269
0.9172365665435791,1.8851126432418823
0.7583303451538086,1.5319883823394775
0.6425615549087524,1.3184324502944946
0.7584710121154785,2.025789260864258
0.7340602874755859,1.2540215253829956
0.9086005687713623,1.9183604717254639
0.856781005859375,1.550005316734314
0.8237354755401611,1.4472134113311768
0.682682454586029,1.1865665912628174
0.800804853439331,1.8989710807800293
0.8204078674316406,1.6607073545455933
0.5901287794113159,1.7890499830245972
0.7204400300979614,1.1554179191589355
0.8165510892868042,1.4770264625549316
0.6412723660469055,1.1374268531799316
0.8269021511077881,2.387629508972168
0.9379104375839233,0.6722211837768555
1.1529098749160767,2.526643753051758
0.7725265622138977,1.2951501607894897
0.7742344737052917,1.3970332145690918
0.7506489753723145,1.7400996685028076
0.8506302833557129,1.5831624269485474
0.7299795746803284,1.115063190460205
0.8971494436264038,3.0396671295166016
1.3887684345245361,0.26371365785598755
1.4948240518569946,2.821556568145752
0.9662485122680664,1.3546288013458252
0.8342275619506836,0.9664336442947388
0.8891270756721497,1.7879822254180908
1.0077178478240967,1.5604445934295654
0.8194169998168945,1.3599140644073486
0.9254960417747498,2.1442787647247314
0.7970341444015503,1.6303882598876953
0.5953927636146545,1.329526424407959
1.0261238813400269,0.8929670453071594
0.9144856929779053,1.8445899486541748
0.6898240447044373,1.3721542358398438
0.736916184425354,1.1684012413024902
0.6799609661102295,1.8073036670684814
0.7840712666511536,1.3365232944488525
0.6159700155258179,1.0101745128631592
0.6133028268814087,1.2910462617874146
0.6736862659454346,1.044634222984314
0.9935672283172607,2.648322582244873
1.2318705320358276,0.4757723808288574
1.165726661682129,2.016749858856201
0.9087353348731995,1.5775721073150635
0.8379662036895752,1.1905076503753662
0.8214617967605591,1.9609358310699463
0.8339433073997498,1.3426111936569214
0.7423444986343384,1.268333911895752
0.8691102266311646,1.7224774360656738
0.7392944097518921,1.790614128112793
0.7454290986061096,1.9476577043533325
0.7483077049255371,0.7953364253044128
0.8942785859107971,2.2431650161743164
0.7902094721794128,1.950692892074585
0.7430920600891113,1.0577671527862549
0.7971919775009155,1.6054952144622803
0.8266116976737976,2.0894014835357666
0.870073139667511,1.1953294277191162
0.6808245182037354,1.9704642295837402
0.8197674751281738,1.0881719589233398
0.9041401147842407,3.1680431365966797
1.188108205795288,0.6940101385116577
1.2805038690567017,2.5425057411193848
1.1128042936325073,1.1276357173919678
0.9807354211807251,1.6178685426712036
0.8337621688842773,1.6882495880126953
0.7323589324951172,1.3136813640594482
0.9231866002082825,1.3097069263458252
0.8286961317062378,1.887308120727539
0.9041913747787476,1.354757308959961
0.7815852761268616,1.2004163265228271
0.7637775540351868,1.4966020584106445
0.7244409322738647,1.3559777736663818
0.7976433038711548,1.9230318069458008
0.6921821236610413,0.8626242876052856
0.9222712516784668,2.1790997982025146
0.8774536848068237,1.4647512435913086
0.7776126861572266,1.5507234334945679
0.7303368449211121,1.408718228340149
0.8374406099319458,1.122851014137268
0.8194154500961304,2.0814809799194336
0.7640045285224915,1.4636743068695068
0.8037644624710083,2.550650119781494
0.9667471647262573,0.6594674587249756
0.7758612632751465,1.3548774719238281
0.6425383687019348,1.5801528692245483
0.8740561008453369,0.7315778136253357
0.7819687128067017,1.233365535736084
0.7903597354888916,2.388237953186035
1.13710618019104,0.6369389295578003
1.0509426593780518,2.104764461517334
0.8444629311561584,0.7993414998054504
1.0403904914855957,2.129450798034668
0.6839995980262756,1.1216514110565186
0.7879575490951538,1.270742654800415
0.8322658538818359,1.9369747638702393
0.8348348140716553,1.3249313831329346
0.7367662191390991,1.1768798828125
0.753699541091919,2.267082691192627
0.9572632908821106,0.6653273105621338
0.8650110960006714,1.642852783203125
0.8476262092590332,2.344146966934204
0.7987003326416016,1.0009711980819702
0.7645570039749146,2.126453399658203
0.7721163630485535,1.3169864416122437
0.7558978796005249,1.2543461322784424
0.828387975692749,1.6378754377365112
0.7470397353172302,1.2175346612930298
0.6461231708526611,1.5798252820968628
0.7960556745529175,1.1664707660675049
0.8832743763923645,1.5631102323532104
0.9899972677230835,0.6526610851287842
0.8727198839187622,1.6878362894058228
0.7383513450622559,1.953898549079895
0.6343462467193604,1.2008951902389526
0.7711117267608643,2.1038687229156494
0.857511043548584,1.3247458934783936
0.8990300893783569,1.6686575412750244
0.768082857131958,1.7223751544952393
0.7812173366546631,0.6102933883666992
1.03559410572052,2.3383827209472656
0.6637283563613892,1.6273008584976196
0.7599124908447266,0.8120982646942139
0.9021512866020203,1.5197391510009766
0.707329511642456,1.916630744934082
0.8065392971038818,1.3095979690551758
0.7164276242256165,1.4095525741577148
0.6976155042648315,1.4852020740509033
0.755823016166687,1.2645483016967773
0.8027139902114868,1.4716027975082397
0.7756017446517944,2.282871723175049
0.664112389087677,1.2997649908065796
0.8634107708930969,1.5886666774749756
0.6059759259223938,1.4870071411132812
0.7999729514122009,1.498880386352539
0.8561678528785706,1.6777842044830322
0.8876534104347229,0.6727213263511658
0.801639199256897,2.388798236846924
0.7016873955726624,1.3923571109771729
0.6744112968444824,2.0523335933685303
0.9868907928466797,0.7473125457763672
0.8884322047233582,2.1864538192749023
0.7539713382720947,1.415083646774292
0.6392077207565308,1.4185086488723755
0.9148808717727661,1.654484510421753
0.8124072551727295,1.2117185592651367
0.8845632672309875,1.2416260242462158
0.6696872711181641,1.7635680437088013
0.7519569396972656,1.7096638679504395
0.6755750179290771,0.708419144153595
0.9211642742156982,1.8269972801208496
0.7552952766418457,1.5502288341522217
0.7538058757781982,1.947060465812683
0.8073896765708923,1.172804355621338
0.7497266530990601,1.1256159543991089
0.5789051651954651,2.103998899459839
0.6976836919784546,1.3763967752456665
0.7708379030227661,1.4460160732269287
0.7602407932281494,1.542391061782837
0.8008528351783752,1.7578608989715576
0.6003139019012451,1.3602015972137451
0.642754316329956,1.4952130317687988
0.84173983335495,2.027454376220703
0.7530506253242493,0.9180179238319397
1.099618911743164,2.3158035278320312
0.9087697267532349,1.0292290449142456
0.796309232711792,1.692187786102295
0.6828278303146362,1.2458508014678955
0.6979154348373413,1.2374253273010254
0.6432030200958252,1.9878541231155396
0.7635213136672974,1.7726651430130005
0.793282151222229,1.2765921354293823
0.6569299697875977,2.542360305786133
0.7932924032211304,1.0906680822372437
0.9060899615287781,2.074894905090332
0.8814839720726013,1.9968981742858887
0.8791495561599731,1.1047015190124512
0.7174578905105591,2.1621625423431396
0.6778745651245117,1.659326195716858
0.7147752642631531,1.4894801378250122
0.7981125712394714,0.8855063319206238
0.7618797421455383,2.166297435760498
0.7545844912528992,1.65310537815094
0.7598903179168701,1.098462700843811
0.6850892305374146,1.2292977571487427
0.8650830984115601,1.7483632564544678
0.8739795684814453,1.3414380550384521
0.7185783386230469,1.0430514812469482
0.672945499420166,2.170286178588867
0.8076517581939697,1.180734395980835
0.8099355697631836,1.6340327262878418
0.8674330115318298,1.2113189697265625
0.8461366891860962,2.0708751678466797
0.7746025323867798,0.7314624786376953
1.0795402526855469,2.6674599647521973
0.8176512718200684,1.3388285636901855
0.6619237661361694,1.0451594591140747
0.7649123668670654,1.4471858739852905
0.867762565612793,1.5897520780563354
0.7117400765419006,1.2942360639572144
0.7444503903388977,1.5042626857757568
0.6418612599372864,1.7145969867706299
0.9190607070922852,1.6008272171020508
0.7217390537261963,1.3708523511886597
0.7920920252799988,1.4817297458648682
0.7883843183517456,1.5205135345458984
0.6394710540771484,1.7378973960876465
0.7611899375915527,1.2682709693908691
0.5675180554389954,1.3088322877883911
0.8877243399620056,1.4514143466949463
0.6639775037765503,1.6199159622192383
0.9828164577484131,2.047496795654297
1.0265554189682007,0.8511595726013184
0.9020544290542603,2.873417377471924
1.045899748802185,0.5435896515846252
1.3062758445739746,2.5887227058410645
0.9767963886260986,1.6405503749847412
0.9259896874427795,0.8921891450881958
0.7707958817481995,1.9093425273895264
0.9103091955184937,1.210423469543457
0.8885654211044312,1.433443307876587
0.7855488061904907,1.6807554960250854
0.6341493129730225,2.116907835006714
0.7988103032112122,1.0737735033035278
1.065234661102295,1.5939979553222656
0.7564607858657837,1.7005088329315186
0.6131106615066528,1.0694141387939453
0.8396428227424622,1.6087806224822998
0.6701027154922485,1.584121584892273
0.9629108309745789,1.4409953355789185
0.7799816727638245,2.212387800216675
1.0854403972625732,0.8281251192092896
1.0528697967529297,2.4625110626220703
1.026633381843567,0.9155594110488892
0.8575026988983154,1.83656644821167
0.9259851574897766,1.5698142051696777
0.7801988124847412,1.4372235536575317
0.7950543761253357,1.8752586841583252
0.6921402215957642,1.441554307937622
0.6393584609031677,1.6588592529296875
0.7912734150886536,1.4687929153442383
0.7075151205062866,0.9430450797080994
0.8391859531402588,2.626218318939209
0.9832364916801453,0.6510806083679199
0.8915089964866638,1.552738904953003
0.7692424058914185,1.717404842376709
0.9370297193527222,1.2007540464401245
0.7942448854446411,1.833768367767334
0.9141860604286194,1.30958890914917
0.5588583946228027,1.747999668121338
0.7297885417938232,1.586318850517273
0.8892222046852112,1.4286267757415771
0.7938222289085388,1.7200230360031128
0.7549419403076172,0.8680896759033203
0.9523046612739563,2.0811803340911865
0.7954387664794922,1.559237003326416
0.6851078271865845,1.4089198112487793
0.6056015491485596,1.4905917644500732
0.7040735483169556,1.4995002746582031
0.7056717872619629,1.5724575519561768
0.834266185760498,1.1941717863082886
0.6854742765426636,1.8111464977264404
0.7559079527854919,0.964745283126831
0.7531412839889526,1.3044465780258179
0.7196825742721558,2.170325756072998
0.8501856327056885,0.7433250546455383
0.9847332835197449,1.688436508178711
0.8514721393585205,1.7201635837554932
0.8715816140174866,0.8204455375671387
0.9555189609527588,2.5449798107147217
0.9235334396362305,1.2139054536819458
0.8712579011917114,1.8407987356185913
0.8203633427619934,1.0013588666915894
0.9979608058929443,2.3860113620758057
0.8993807435035706,1.3622709512710571
0.7583376169204712,1.0367021560668945
0.8538907766342163,2.416003704071045
0.9066722989082336,1.8112027645111084
0.7202098369598389,1.2665374279022217
0.6460990309715271,1.0872080326080322
0.9291086196899414,1.9182469844818115
0.6542583107948303,1.4204182624816895
0.7103003263473511,2.034639596939087
0.7738525867462158,1.170269250869751
0.7336768507957458,1.6644835472106934
0.6368297338485718,1.7078146934509277
0.6769029498100281,0.9641940593719482
0.7637304663658142,1.6583693027496338
0.7296966910362244,1.2201672792434692
0.6652504205703735,1.416445255279541
0.704524040222168,2.2054636478424072
0.8618415594100952,1.0558472871780396
0.9674293994903564,2.1230087280273438
0.8501484990119934,1.6638647317886353
0.7356810569763184,1.286710262298584
0.6447217464447021,1.7983072996139526
0.7290772199630737,1.8235950469970703
0.6348851323127747,1.5386980772018433
0.6189910173416138,1.3915892839431763
0.7498586773872375,1.1642779111862183
0.6296816468238831,1.6907522678375244
0.8420778512954712,1.9373843669891357
0.8684884309768677,0.7911434173583984
0.877301037311554,2.207740068435669
0.8548448085784912,1.1962039470672607
0.9341198801994324,1.9048261642456055
0.8211469650268555,1.423715591430664
0.7996407747268677,1.2935175895690918
0.8420760035514832,2.5089945793151855
1.1603927612304688,0.5877584218978882
1.214315414428711,2.157106876373291
0.9397470951080322,1.0100599527359009
0.8384029269218445,1.3279776573181152
0.7039715051651001,1.4414942264556885
1.0315943956375122,1.9230940341949463
1.1012026071548462,0.6674724221229553
1.2793521881103516,2.638702630996704
0.9888495206832886,1.0526165962219238
0.9764604568481445,2.3467330932617188
0.9742947816848755,1.2277917861938477
0.819874107837677,1.1816214323043823
0.781112790107727,1.432774305343628
0.7567213773727417,1.37730073928833
0.889240562915802,1.9014031887054443
0.8672149181365967,0.8318150043487549
0.818340539932251,1.799286127090454
0.8405613303184509,1.435887336730957
0.8099294900894165,1.1811940670013428
0.8123583793640137,1.6180496215820312
0.7571712732315063,1.3398274183273315
0.6839350461959839,0.9581032395362854
0.7988898158073425,2.201913833618164
0.8985710740089417,0.8295528888702393
0.9109951257705688,1.9052563905715942
0.747951328754425,1.3563350439071655
0.8062528371810913,1.0300405025482178
0.8505115509033203,2.1640124320983887
0.7665673494338989,1.1769599914550781
0.8191729187965393,1.3870065212249756
0.823766827583313,1.869936466217041
0.7772268056869507,0.8264211416244507
1.0715276002883911,2.2481095790863037
0.7573672533035278,1.3153260946273804
0.7809835076332092,1.039966106414795
0.8116741180419922,2.202610492706299
0.821016788482666,1.3961360454559326
0.7822752594947815,1.5793046951293945
0.8251513242721558,1.2785773277282715
0.7745426893234253,2.2745249271392822
0.7289983630180359,1.2880241870880127
0.6747462749481201,1.4774746894836426
0.7397801876068115,1.9725453853607178
0.8708800077438354,1.205847978591919
0.690720796585083,1.673682689666748
0.6946420669555664,1.2648042440414429
0.7391949892044067,1.3761084079742432
0.6840072870254517,1.498298168182373
0.748345136642456,1.5509109497070312
0.7089946269989014,1.9785444736480713
0.6880763173103333,0.7076531648635864
0.9873960614204407,3.3098578453063965
1.3420666456222534,0.9066160917282104
0.786305844783783,1.5135107040405273
0.954864501953125,0.8379942178726196
0.881005048751831,1.2858928442001343
1.095198392868042,0.9218987822532654
1.0643558502197266,1.6968393325805664
0.9178557991981506,1.104681372642517
1.0393729209899902,1.6401770114898682
0.8698336482048035,1.0009520053863525
0.8341197967529297,2.1537230014801025
0.845862090587616,1.5015156269073486
0.7808105945587158,1.1919820308685303
0.6323192119598389,1.4567643404006958
0.7631200551986694,1.3378403186798096
0.698218584060669,1.535309076309204
0.5895575284957886,1.3754658699035645
0.5919538736343384,1.3523194789886475
0.7349354028701782,1.8229942321777344
0.7205758690834045,1.3613712787628174
0.709775447845459,1.0947129726409912
0.7016695737838745,1.6885709762573242
0.608100414276123,1.3331871032714844
0.7836625576019287,1.5735783576965332
0.5946309566497803,0.9615122079849243
0.7929925918579102,1.8261001110076904
0.6507436037063599,1.1687595844268799
0.8834221363067627,1.710975170135498
0.5768740177154541,1.8354250192642212
0.7477273344993591,1.2575411796569824
0.7506936192512512,1.9230350255966187
0.783207893371582,1.03874671459198
0.7687838077545166,1.4661738872528076
0.7201704978942871,2.1627368927001953
0.798547625541687,0.8403689861297607
0.6618411540985107,2.1429381370544434
0.5952356457710266,1.6829309463500977
0.745006799697876,1.6480646133422852
0.6993775367736816,1.0387717485427856
0.596331000328064,2.137030839920044
0.8205873966217041,1.240907907485962
0.8038203716278076,1.2360434532165527
0.7073250412940979,2.411515235900879
0.8246127367019653,0.7249717116355896
1.2821451425552368,2.77764892578125
1.2201026678085327,0.9285445213317871
0.7855788469314575,1.5791712999343872
0.7939801216125488,2.4330782890319824
1.169870138168335,0.6370700597763062
1.2827637195587158,2.4470791816711426
1.075211524963379,1.0674874782562256
0.849079430103302,1.6488807201385498
0.8419300317764282,1.3066831827163696
0.739747166633606,1.4374725818634033
0.7736313343048096,1.3049955368041992
0.8176341652870178,1.9094810485839844
0.5295360088348389,1.5850069522857666
0.7934509515762329,1.4990663528442383
0.7625981569290161,2.067981004714966
0.828428328037262,0.5894307494163513
1.120652198791504,1.9874227046966553
0.8290855884552002,1.9644804000854492
0.7101145386695862,1.0768531560897827
0.7398432493209839,1.1189496517181396
0.5989460945129395,2.0060272216796875
0.6631004214286804,1.5422472953796387
0.6263284087181091,1.513258934020996
0.7026697397232056,0.995160698890686
0.6251310110092163,2.3771932125091553
0.7541986703872681,0.9807220101356506
0.7708965539932251,2.123119354248047
0.8827607035636902,1.1742191314697266
0.7474626898765564,0.8555353879928589
0.9199700355529785,2.6573400497436523
1.2032418251037598,0.6024730205535889
1.1111758947372437,2.6654677391052246
0.767397403717041,1.7987003326416016
0.7693400382995605,1.3206199407577515
0.7658506631851196,1.7077388763427734
0.949253261089325,1.6345293521881104
0.6241514682769775,1.2632697820663452
0.6104923486709595,1.377293586730957
0.8067288398742676,1.7420084476470947
0.7204505205154419,1.485666036605835
0.7515933513641357,1.4623208045959473
0.6725314855575562,1.649747371673584
0.6910443902015686,0.9239546060562134
0.7922698259353638,2.3085649013519287
0.8462177515029907,0.8635746240615845
0.917326807975769,1.7139226198196411
0.6680836081504822,2.1075210571289062
0.8785678744316101,0.8912801146507263
0.8158716559410095,1.8996793031692505
0.8699795007705688,2.346198081970215
0.9026983380317688,1.4740853309631348
0.7217265963554382,1.7243973016738892
0.6670284271240234,2.1602110862731934
1.0680286884307861,0.5903135538101196
1.3887851238250732,2.583495616912842
0.9856981039047241,1.401729702949524
0.7038312554359436,1.2489030361175537
0.9083672761917114,2.2707674503326416
0.6952937245368958,1.533414363861084
0.7855867147445679,1.2371892929077148
0.7274977564811707,1.9094980955123901
0.8454446196556091,0.7008542418479919
0.9854476451873779,1.574814796447754
0.8104085922241211,1.5080156326293945
0.6859827637672424,1.3996833562850952
0.788544237613678,1.437451720237732
0.720045268535614,1.1897289752960205
0.5864083766937256,1.441347360610962
0.8074724078178406,1.2028188705444336
0.9466216564178467,2.1003592014312744
0.8181622624397278,0.8399370312690735
0.8854556679725647,2.4033286571502686
0.8940754532814026,1.453740119934082
0.8958436250686646,1.2560514211654663
0.6845365762710571,1.4695161581039429
0.758683443069458,1.5645883083343506
0.7849506139755249,1.9824589490890503
0.7486498951911926,1.2489449977874756
0.6693346500396729,1.3547677993774414
0.7224135994911194,1.277921199798584
0.6533913612365723,1.4759286642074585
0.752830982208252,1.3477798700332642
0.7181046605110168,1.4915058612823486
0.789172887802124,0.8022372722625732
1.0269851684570312,2.4229183197021484
1.0567524433135986,0.8346494436264038
0.8690846562385559,1.896421194076538
0.7483004331588745,1.1809804439544678
0.6488409638404846,1.3420016765594482
0.7679715156555176,1.526914358139038
0.5986303091049194,1.2828878164291382
0.7498431205749512,1.4922246932983398
0.9585829973220825,1.937530279159546
0.7808544635772705,1.0362155437469482
0.6185072660446167,1.3622970581054688
0.7284544110298157,1.46327543258667
0.7381017208099365,1.9558717012405396
0.6681057214736938,1.3710578680038452
0.5637218356132507,1.5172779560089111
0.6750159859657288,1.792980432510376
0.9171913862228394,1.3383808135986328
0.714492678642273,1.9683212041854858
0.8309990167617798,1.8507049083709717
0.7484190464019775,2.0063259601593018
0.6889848113059998,0.9363422989845276
0.6364812254905701,1.748511791229248
0.6034857034683228,1.9031412601470947
0.5966768860816956,1.1462476253509521
0.7572615146636963,1.2596368789672852
0.6518495082855225,2.2192728519439697
0.8519985675811768,0.7757232189178467
0.9832541942596436,2.3219923973083496
0.9707963466644287,0.8741870522499084
0.9521304368972778,1.743563175201416
0.8763149976730347,1.6791973114013672
0.7630083560943604,1.777416706085205
0.7206703424453735,1.4978458881378174
0.7533567547798157,1.4054243564605713
0.9284418821334839,1.7970703840255737
0.6721895337104797,1.2886953353881836
0.7823110818862915,1.86049222946167
0.5685726404190063,1.2683333158493042
0.6178386211395264,0.8706123232841492
0.965717077255249,2.420185089111328
0.8998466730117798,1.0385628938674927
0.8232440948486328,1.8080129623413086
0.7051543593406677,1.5402979850769043
0.7851865291595459,1.323484182357788
0.7462071776390076,1.5056142807006836
0.6977275609970093,1.3564780950546265
0.7669057846069336,1.41681969165802
0.7238329648971558,1.9782299995422363
0.6971896886825562,0.6682921051979065
1.0558582544326782,2.798440933227539
1.120640516281128,1.024785041809082
0.7154430150985718,1.6825298070907593
0.7587353587150574,1.863722801208496
0.7530521750450134,1.8651692867279053
0.6479665040969849,1.1703609228134155
0.8799734711647034,1.3777880668640137
0.740548849105835,1.5820664167404175
0.8311174511909485,0.8749346733093262
0.7851366996765137,1.9417661428451538
0.746700644493103,1.0643937587738037
0.7133468389511108,1.7129180431365967
0.8074923753738403,0.9336700439453125
0.8354833126068115,2.1711153984069824
0.7943962812423706,1.142548680305481
0.7748445272445679,2.284492015838623
0.7632156610488892,1.3513212203979492
0.8359322547912598,1.3713964223861694
0.8553686141967773,1.958647608757019
0.8466179370880127,0.9168014526367188
0.8490102887153625,2.4782044887542725
0.8699148893356323,1.1113593578338623
0.7697608470916748,2.0066680908203125
0.8458744287490845,1.637429118156433
0.6634101867675781,1.3555999994277954
0.7202727794647217,1.8514554500579834
0.7407833337783813,1.1041799783706665
0.8433412313461304,1.742249608039856
0.6298229098320007,1.5520703792572021
0.7042149305343628,1.488023042678833
0.7620936632156372,1.8948365449905396
0.857077956199646,0.654710054397583
1.1192541122436523,2.255439519882202
0.7636981010437012,1.5371965169906616
0.6543891429901123,1.2857418060302734
0.7144425511360168,1.610454797744751
0.8378798961639404,1.0638017654418945
0.7709713578224182,2.3763396739959717
0.8546258211135864,0.5763611793518066
0.9673048853874207,1.7939741611480713
0.8304885029792786,1.0947284698486328
0.8199119567871094,1.8527781963348389
0.8995224237442017,2.6696367263793945
0.7022705078125,1.2072172164916992
0.6625035405158997,1.5456000566482544
0.7574841976165771,1.6619619131088257
0.737072229385376,1.285752773284912
0.6806634068489075,1.5633434057235718
0.6564012765884399,2.0121688842773438
0.7267704010009766,0.9724152684211731
0.6846312284469604,1.3520562648773193
0.7214139103889465,1.3954265117645264
0.6026206016540527,1.5452275276184082
0.7408179044723511,1.5823900699615479
0.6491327285766602,1.2096339464187622
0.603081464767456,1.4525402784347534
0.7290250062942505,1.5741446018218994
0.589930534362793,2.021846294403076
0.7917531728744507,1.2762410640716553
0.7790024876594543,2.091722011566162
0.8424962759017944,1.2890548706054688
0.6233627796173096,2.107537031173706
0.806546688079834,1.3270165920257568
0.8152077198028564,1.1697579622268677
0.773867666721344,1.9493176937103271
0.7646632790565491,0.7378392219543457
1.1123720407485962,2.6251845359802246
0.9806216359138489,1.1616566181182861
0.7885604500770569,1.486466407775879
0.8306822776794434,2.370274782180786
0.8676545023918152,1.257128119468689
0.7981721758842468,1.8240101337432861
0.8231809139251709,1.568511962890625
0.8537224531173706,1.393258810043335
0.7495994567871094,2.211682081222534
1.0554734468460083,0.6434386968612671
0.8090945482254028,2.4390311241149902
0.7311784029006958,1.1876353025436401
0.7425283193588257,1.8242905139923096
0.7628050446510315,1.2179450988769531
0.7467809915542603,1.1458873748779297
0.6191990375518799,1.7729753255844116
0.5214271545410156,1.5274795293807983
0.6646324396133423,1.4568731784820557
0.8100289106369019,1.398376703262329
0.6327306032180786,1.7651948928833008
0.644745409488678,1.311884880065918
0.6359684467315674,2.353372097015381
0.7956822514533997,0.644224226474762
1.1389789581298828,2.752851963043213
1.1855292320251465,0.8633738160133362
0.8396435976028442,1.919869303703308
0.8332617282867432,1.6666736602783203
0.8228080868721008,1.4091017246246338
0.7665630578994751,1.4087378978729248
0.8343884944915771,0.9743994474411011
0.709516167640686,1.8683593273162842
0.7282896637916565,1.4010553359985352
0.6840795278549194,1.446236252784729
0.8573858141899109,1.9180943965911865
0.7664514780044556,1.2048213481903076
0.7313714623451233,2.5082366466522217
0.8298639059066772,1.2468984127044678
0.7087291479110718,1.4094111919403076
0.6620573997497559,1.6543090343475342
0.7879456281661987,2.0659751892089844
0.9386546611785889,0.7827793955802917
1.05499267578125,3.017502784729004
1.0749123096466064,0.9941372871398926
0.8424680233001709,1.8936123847961426
0.8503371477127075,1.4731426239013672
0.715309739112854,1.198573350906372
0.7972441911697388,1.7947447299957275
0.7793221473693848,1.1953213214874268
0.6219428777694702,0.7362778782844543
0.7667068839073181,1.8033795356750488
0.6942452788352966,1.8132634162902832
0.5694397687911987,1.3291000127792358
0.53557288646698,1.4945436716079712
0.5903130769729614,1.9137535095214844
0.6596660017967224,1.2444713115692139
0.7162415385246277,2.6029233932495117
0.7820935845375061,1.0867183208465576
0.6161519289016724,1.0240100622177124
0.8753916025161743,2.388148784637451
1.0788495540618896,0.867841362953186
0.8645241856575012,2.1093318462371826
0.8573496341705322,0.8326939344406128
0.8360152244567871,1.565734624862671
0.8347610235214233,1.3793649673461914
0.8345130681991577,1.8183097839355469
0.881411075592041,1.5881308317184448
0.7949304580688477,1.9449036121368408
0.8162797689437866,0.7761404514312744
0.9993685483932495,2.111140012741089
0.813210129737854,1.698366641998291
0.476811945438385,1.1403782367706299
0.9097612500190735,1.41705322265625
0.7315775752067566,2.049798011779785
0.622642457485199,0.7810041904449463
0.8705401420593262,2.174677848815918
0.8265219330787659,1.100550651550293
0.7308926582336426,1.221811294555664
0.6272341012954712,1.6162958145141602
0.5907325744628906,1.5222675800323486
0.6311924457550049,1.225631833076477
0.8326669931411743,1.4257705211639404
0.6338514685630798,1.8310627937316895
0.8100070357322693,1.340381383895874
0.6354762315750122,1.9423861503601074
0.6928997039794922,1.3105201721191406
0.7582138776779175,1.2814934253692627
0.9078424572944641,2.240839719772339
0.8414181470870972,0.47859206795692444
1.0688998699188232,2.633293867111206
0.9495697617530823,1.1799499988555908
0.7829053401947021,2.0861282348632812
0.6563551425933838,1.374967336654663
0.7847432494163513,1.5703330039978027
0.6849221587181091,1.5482454299926758
0.8018382787704468,2.1329245567321777
0.7108588218688965,0.8900108337402344
0.6926132440567017,2.0397653579711914
0.6349520683288574,1.5582141876220703
0.766357421875,1.7302604913711548
0.8133612871170044,1.9290745258331299
0.8034251928329468,1.2212989330291748
0.6966562271118164,1.1399345397949219
0.6507461071014404,1.4185458421707153
0.6664459705352783,1.192384958267212
0.8618856072425842,2.4375460147857666
0.9414688348770142,1.1464297771453857
1.0272743701934814,2.156108856201172
0.7928413152694702,1.1148123741149902
0.693192183971405,1.7259821891784668
0.6890351176261902,2.2921342849731445
1.0901312828063965,0.5872219800949097
1.0764020681381226,2.104729652404785
0.703728437423706,1.3920847177505493
0.5184875130653381,1.2247196435928345
0.8791881799697876,2.149916648864746
0.8053595423698425,1.0666509866714478
0.8788868188858032,2.4325480461120605
0.801680326461792,0.9910843372344971
0.6677766442298889,1.7770256996154785
0.6628302931785583,1.460071325302124
0.708361029624939,1.66917085647583
0.8884462118148804,1.2167854309082031
0.7331744432449341,1.8199951648712158
0.6695851683616638,1.9417827129364014
0.6588718891143799,0.9891736507415771
0.8247600197792053,1.5501948595046997
0.7119021415710449,1.4264087677001953
0.928246796131134,1.1939893960952759
0.8801798224449158,1.8457152843475342
0.7456471920013428,0.8933190107345581
0.7065727114677429,1.908806324005127
0.6730166673660278,1.021284580230713
0.8896325826644897,2.0680079460144043
0.727116048336029,1.4580397605895996
0.6644304990768433,2.1474218368530273
0.826189398765564,1.491783618927002
0.8152734637260437,1.6912260055541992
0.9089843034744263,1.5636119842529297
0.7379535436630249,0.792707085609436
0.6709626913070679,1.9149653911590576
0.7979336977005005,2.3274688720703125
0.7164551019668579,1.417534589767456
0.5891486406326294,1.4613364934921265
0.8967241048812866,2.4666941165924072
0.8180249333381653,1.2929357290267944
0.6456549167633057,2.2593982219696045
0.7326609492301941,1.3008525371551514
0.7613189220428467,1.5189796686172485
0.697708249092102,1.5625097751617432
0.7803009748458862,1.7317392826080322
0.7529716491699219,1.019649624824524
0.6908355951309204,1.9393436908721924
0.906281590461731,1.7016116380691528
0.7956627607345581,1.7204911708831787
0.8807492256164551,2.152015209197998
0.8118434548377991,1.7887094020843506
0.715662956237793,1.3494155406951904
0.8193236589431763,2.4734067916870117
0.7944481372833252,0.8975143432617188
0.7739626169204712,1.8083077669143677
0.711896538734436,1.616440773010254
0.6401418447494507,0.9638828635215759
0.6871901750564575,1.5084564685821533
0.7118735313415527,1.7174113988876343
0.8964194059371948,0.9945979118347168
0.9841457605361938,2.5486650466918945
1.042913556098938,0.9502977132797241
0.740897536277771,1.7061818838119507
0.7665013074874878,1.0686120986938477
0.9315180778503418,2.5931525230407715
1.3120555877685547,0.5488439202308655
1.3619418144226074,4.723966598510742
2.2880473136901855,0.2422361969947815
2.0622024536132812,1.9362287521362305
1.1126790046691895,1.2703571319580078
1.0749025344848633,1.6193795204162598
0.8622387647628784,1.4891690015792847
0.7207701206207275,0.9425820112228394
0.8325833678245544,1.6131178140640259
0.9242832064628601,1.2143657207489014
0.9066144227981567,1.9263644218444824
0.7400450706481934,1.0127878189086914
0.7587641477584839,1.8408008813858032
0.8778291940689087,1.3610590696334839
0.7987380027770996,1.3694376945495605
0.7706847190856934,2.069307327270508
0.6949242353439331,1.8810107707977295
0.7065564393997192,0.9905551671981812
0.7051478624343872,1.1780071258544922
0.8831921815872192,2.0221240520477295
0.692448616027832,1.3465701341629028
0.8268569707870483,0.9675546884536743
0.7513552904129028,1.5454227924346924
0.7463696002960205,1.510844111442566
0.7672935724258423,1.9928498268127441
0.7288097143173218,0.9669182300567627
0.8146638870239258,1.594412088394165
0.6817498803138733,1.7060422897338867
0.9000331163406372,0.9355568289756775
1.0962823629379272,2.1299638748168945
0.9968264102935791,1.0715115070343018
0.8520007133483887,1.3152849674224854
0.8386726379394531,2.2190513610839844
0.9271615743637085,1.3004753589630127
0.7205516695976257,1.34775710105896
0.767680287361145,2.25124454498291
0.8807966113090515,1.6219861507415771
0.6215144395828247,1.298689365386963
0.7227481007575989,2.4939322471618652
0.9633240103721619,0.858713686466217
1.0430511236190796,2.5061750411987305
1.013108730316162,0.8931460976600647
0.815960168838501,1.8165919780731201
0.7122324705123901,1.983778476715088
0.6474442481994629,1.1643850803375244
0.7905367612838745,2.234257221221924
0.8327882289886475,1.0194664001464844
0.7386714816093445,1.3976600170135498
0.7253574728965759,1.333409309387207
0.5947068929672241,1.546889305114746
0.7152788043022156,1.2758921384811401
0.7780730724334717,2.1134836673736572
0.8223283290863037,0.5886613130569458
1.075392484664917,2.996614456176758
1.2087088823318481,0.944294810295105
0.9813790321350098,1.603053092956543
0.8029199838638306,1.3561286926269531
0.7032158374786377,1.0358197689056396
0.8720076084136963,1.2603695392608643
0.7468210458755493,1.5699138641357422
0.7495541572570801,1.2959911823272705
0.7458527684211731,1.6837743520736694
0.7155014276504517,1.3429539203643799
0.84485924243927,1.6704614162445068
0.7876325249671936,2.499535083770752
1.077864408493042,0.8448481559753418
0.8492192029953003,2.1986827850341797
0.7579308152198792,1.399868130683899
0.6095410585403442,1.9141367673873901
0.793734073638916,0.7718950510025024
0.850715160369873,2.0832247734069824
0.8046067953109741,1.301892638206482
0.660325288772583,1.571683406829834
0.644767165184021,1.6481674909591675
0.8138169050216675,1.5916147232055664
0.7412706613540649,1.2369344234466553
0.8384506106376648,1.837777853012085
0.6865068674087524,1.4593992233276367
0.708795428276062,1.157668113708496
0.8482769131660461,2.172529697418213
